"","Country","Year","Status","Life.expectancy","Adult.Mortality","infant.deaths","Alcohol","percentage.expenditure","Hepatitis.B","Measles","BMI","under.five.deaths","Polio","Total.expenditure","Diphtheria","HIV.AIDS","GDP","Population","thinness..1.19.years","thinness.5.9.years","Income.composition.of.resources","Schooling"
"12","Afghanistan",2004,"Developing",57,293,87,0.02,15.29606643,67,466,13.8,120,5,8.79,5,0.1,219.1413528,24118979,19.5,19.7,0.381,6.8
"13","Afghanistan",2003,"Developing",56.7,295,87,0.01,11.08905273,65,798,13.4,122,41,8.82,41,0.1,198.7285436,2364851,19.7,19.9,0.373,6.5
"14","Afghanistan",2002,"Developing",56.2,3,88,0.01,16.88735091,64,2486,13,122,36,7.76,36,0.1,187.84595,21979923,19.9,2.2,0.341,6.2
"15","Afghanistan",2001,"Developing",55.3,316,88,0.01,10.5747282,63,8762,12.6,122,35,7.8,33,0.1,117.49698,2966463,2.1,2.4,0.34,5.9
"16","Afghanistan",2000,"Developing",54.8,321,88,0.01,10.42496,62,6532,12.2,122,24,8.2,24,0.1,114.56,293756,2.3,2.5,0.338,5.5
"28","Albania",2004,"Developing",73,17,1,4.54,221.8428,99,7,48.9,1,98,6.38,97,0.1,2416.588235,326939,1.8,1.9,0.681,10.9
"29","Albania",2003,"Developing",72.8,18,1,4.29,14.71928882,97,8,47.9,1,97,6.27,97,0.1,189.681557,339616,1.9,2,0.674,10.7
"30","Albania",2002,"Developing",73.3,15,1,3.73,104.5169157,96,16,46.9,1,98,6.3,98,0.1,1453.642777,3511,2,2.1,0.67,10.7
"31","Albania",2001,"Developing",73.6,14,1,4.25,96.20557078,96,18,46,1,97,6,97,0.1,1326.97339,36173,2.1,2.1,0.662,10.6
"32","Albania",2000,"Developing",72.6,11,1,3.66,91.71154052,96,662,45,1,97,6.26,97,0.1,1175.788981,38927,2.1,2.2,0.656,10.7
"44","Algeria",2004,"Developing",72.3,14,19,0.45,220.393699,81,3289,47.9,23,86,3.54,86,0.1,2598.9823,3283196,6.2,6.1,0.673,11.7
"45","Algeria",2003,"Developing",71.7,146,20,0.34,25.0185226,NA,15374,47,23,87,3.6,87,0.1,294.33556,3243514,6.3,6.1,0.663,11.5
"46","Algeria",2002,"Developing",71.6,145,20,0.36,148.5119843,NA,5862,46.1,23,86,3.73,86,0.1,1774.33673,3199546,6.3,6.2,0.653,11.1
"47","Algeria",2001,"Developing",71.4,145,20,0.23,147.9860714,NA,2686,45.3,24,89,3.84,89,0.1,1732.857979,31592153,6.4,6.3,0.644,10.9
"48","Algeria",2000,"Developing",71.3,145,21,0.25,154.4559436,NA,0,44.4,25,86,3.49,86,0.1,1757.17797,3118366,6.5,6.4,0.636,10.7
"60","Angola",2004,"Developing",47.1,386,94,3.53,8.8667775,NA,29,17.2,152,4,4.71,4,2.5,141.86844,18865716,1.2,1.1,0.415,6.4
"61","Angola",2003,"Developing",46.8,388,95,3.49,35.93349121,NA,1196,16.8,155,4,4.41,4,2.4,779.468356,1823369,1.4,1.3,0.406,5.9
"62","Angola",2002,"Developing",46.5,391,96,2.82,24.037942,NA,11945,16.3,157,37,3.63,41,2.3,711.181716,17572649,1.5,1.5,0.401,5.5
"63","Angola",2001,"Developing",45.7,44,97,2.58,30.35993647,NA,9046,15.8,159,41,5.38,38,2.1,526.168743,16983266,1.7,1.7,0.391,5.1
"64","Angola",2000,"Developing",45.3,48,97,1.85,15.88149254,NA,2219,15.4,160,3,2.79,28,2,555.2969419,1644924,1.9,1.9,0.382,4.6
"76","Antigua and Barbuda",2004,"Developing",74.4,149,0,7.28,22.86295206,97,0,4.8,0,97,4.21,97,0.1,1352.8374,NA,3.5,3.4,0,0
"77","Antigua and Barbuda",2003,"Developing",74.2,151,0,7.16,1158.065259,99,0,4.1,0,99,4.53,99,0.1,9739.82556,NA,3.5,3.5,0,0
"78","Antigua and Barbuda",2002,"Developing",74,153,0,7.21,927.4075855,99,0,39.5,0,93,4.41,98,0.1,9386.716452,NA,3.6,3.5,0,0
"79","Antigua and Barbuda",2001,"Developing",73.8,154,0,7.51,163.7676978,96,0,38.9,0,99,4.48,97,0.1,9358.154162,NA,3.6,3.5,0,0
"80","Antigua and Barbuda",2000,"Developing",73.6,156,0,7.27,1127.74347,NA,0,38.2,0,96,4.13,95,0.1,9875.161736,NA,3.7,3.6,0,0
"92","Argentina",2004,"Developing",74.7,13,11,7.63,719.3663797,81,0,56.3,12,91,6.84,98,0.1,4251.574348,38728696,1.1,1,0.775,16.3
"93","Argentina",2003,"Developing",74.1,137,11,7.62,57.58467352,73,0,55.7,13,95,8.22,96,0.1,333.4376,3839379,1.2,1,0.77,16.4
"94","Argentina",2002,"Developing",74.1,138,12,7.81,470.1869145,66,0,55.1,13,94,8.31,93,0.1,2579.193168,3788937,1.2,1,0.776,16.3
"95","Argentina",2001,"Developing",74,138,12,7.76,123.0128671,NA,0,54.6,13,85,9.38,83,0.1,717.694674,3747159,1.2,1.1,0.771,15.6
"96","Argentina",2000,"Developing",74.1,137,12,7.68,1349.025282,NA,6,54,14,88,9.21,83,0.1,7669.273916,3757452,1.2,1.1,0.764,15
"108","Armenia",2004,"Developing",73,132,1,3.81,97.74087744,91,1783,48.4,1,93,5.5,91,0.1,1191.96192,3612,2,2.1,0.668,10.9
"109","Armenia",2003,"Developing",72.7,134,1,3.03,7.341493148,93,4,48.1,1,96,5.56,94,0.1,93.1661567,31786,2,2.1,0.657,10.8
"110","Armenia",2002,"Developing",72.6,134,1,2.86,57.17810403,91,40,47.8,1,96,5.4,94,0.1,783.261699,333897,2.1,2.1,0.645,10.8
"111","Armenia",2001,"Developing",72.6,141,1,2.86,53.19373012,69,69,47.4,1,97,5.94,94,0.1,694.435119,35655,2.1,2.1,0.644,11.1
"112","Armenia",2000,"Developing",72,142,1,2.9,32.75626853,55,15,47.1,1,96,6.25,93,0.1,622.7427477,369588,2.1,2.2,0.639,11.2
"124","Australia",2004,"Developed",86,69,1,9.84,588.568371,95,70,6.9,1,92,8.57,92,0.1,3472.37977,21274,0.7,0.6,0.908,20.7
"125","Australia",2003,"Developed",83,71,1,9.97,3829.550928,95,91,6.3,1,92,8.32,93,0.1,23465.38559,198954,0.7,0.7,0.905,20.6
"126","Australia",2002,"Developed",79.9,73,1,9.84,46.3871819,95,32,59.6,2,92,8.39,92,0.1,281.81763,196514,0.7,0.7,0.902,20.1
"127","Australia",2001,"Developed",79.9,75,1,9.53,3064.301144,94,141,59,2,91,8.18,92,0.1,19517.84168,19413,0.7,0.7,0.899,20.5
"128","Australia",2000,"Developed",79.5,78,1,10.17,347.18736,NA,108,58.2,2,9,8.8,9,0.1,2169.921,19153,0.7,0.7,0.897,20.4
"140","Austria",2004,"Developed",79.3,86,0,12.1,5316.877456,83,15,52.2,0,83,1.56,83,0.1,36693.4262,8171966,1.7,1.9,0.841,14.7
"141","Austria",2003,"Developed",78.8,88,0,12.2,504.4308735,83,90,51.7,0,84,1.48,84,0.1,3212.9355,8121423,1.7,1.9,0.837,14.7
"142","Austria",2002,"Developed",78.7,9,0,12.5,3979.057728,81,0,51.2,0,82,1.27,83,0.1,26351.37568,881957,1.7,1.9,0.847,16.1
"143","Austria",2001,"Developed",78.6,92,0,12.4,3582.848308,44,0,5.6,0,83,1.12,84,0.1,24489.73553,842293,1.7,1.9,0.837,15.5
"144","Austria",2000,"Developed",78.1,96,0,13.2,3557.455507,33,0,5.1,0,71,1.6,81,0.1,24517.26745,811566,1.7,1.9,0.833,15.4
"156","Azerbaijan",2004,"Developing",68.4,154,6,0.62,8.59680496,5,827,44.2,8,78,7.92,77,0.1,145.2163,8365,3,3,0.668,11
"157","Azerbaijan",2003,"Developing",67.8,154,7,0.55,42.41491183,51,1978,43.6,8,79,6.56,77,0.1,883.6439965,82341,3,3,0.659,10.8
"158","Azerbaijan",2002,"Developing",67.8,146,7,0.55,39.33253687,5,4353,43.1,9,8,4.47,76,0.1,763.73858,817195,3.1,3.1,0.651,10.6
"159","Azerbaijan",2001,"Developing",67.5,151,8,0.51,4.104190077,NA,574,42.6,10,77,4.48,77,0.1,73.6838434,81112,3.1,3.1,0.642,10.4
"160","Azerbaijan",2000,"Developing",66.6,16,9,0.65,35.09462644,NA,210,42.1,11,75,4.67,76,0.1,655.974326,8486,3.2,3.1,0.636,10.1
"188","Bahrain",2004,"Developing",75.2,83,0,2.16,1380.228095,98,11,55.6,0,98,3.37,98,0.1,15846.47641,NA,6.1,5.9,0.803,13.9
"189","Bahrain",2003,"Developing",75,85,0,2.16,1214.558167,98,12,55.2,0,97,3.74,97,0.1,14221.99259,NA,6.1,5.9,0.798,13.7
"190","Bahrain",2002,"Developing",74.9,87,0,1.99,106.4303336,98,8,55,0,98,3.89,98,0.1,1312.33457,NA,6.2,5.9,0.796,13.5
"191","Bahrain",2001,"Developing",74.7,9,0,1.95,1150.418063,99,5,54.8,0,99,3.8,99,0.1,12868.211,NA,6.2,6,0.794,13.3
"192","Bahrain",2000,"Developing",74.5,92,0,2.15,167.7270642,97,6,54.5,0,97,3.51,97,0.1,13636.34668,NA,6.2,6,0.786,13.2
"204","Bangladesh",2004,"Developing",67.3,158,185,0.01,4.11469667,11,9743,12,247,88,2.62,99,0.1,46.7579167,14137489,2.1,2.7,0.491,8.1
"205","Bangladesh",2003,"Developing",66.8,161,196,0.01,35.48458957,5,4067,11.6,264,9,2.51,87,0.1,432.7388972,139191,2.3,2.9,0.484,7.9
"206","Bangladesh",2002,"Developing",66.3,164,207,0.01,0.397228764,NA,3484,11.2,280,83,2.59,83,0.1,4.6135745,1366667,2.5,21.1,0.476,7.7
"207","Bangladesh",2001,"Developing",65.8,168,219,0.01,3.395069781,NA,4414,1.8,298,85,2.47,85,0.1,42.5981152,1341716,2.7,21.3,0.468,7.5
"208","Bangladesh",2000,"Developing",65.3,173,231,0.01,3.69633051,NA,5098,1.4,316,83,2.33,82,0.1,45.63371,131581243,2.9,21.5,0.459,7.3
"220","Barbados",2004,"Developing",73.8,119,0,7.68,166.0083443,93,0,46.2,0,93,5.71,93,0.2,12868.8639,NA,4.1,4,0.757,14.4
"221","Barbados",2003,"Developing",73.7,121,0,7.65,13.5139917,91,0,45.4,0,9,5.82,89,0.4,1228.5447,NA,4.1,4.1,0.753,14.2
"222","Barbados",2002,"Developing",73.5,123,0,7.59,133.099491,66,0,44.6,0,86,5.76,87,0.8,11675.39395,NA,4.2,4.1,0.749,14
"223","Barbados",2001,"Developing",73.4,125,0,7.38,138.1664627,18,0,43.8,0,93,5.47,84,0.7,11513.87189,NA,4.2,4.2,0.75,14
"224","Barbados",2000,"Developing",73.3,127,0,7.43,1140.615754,NA,0,43,0,86,5.16,93,0.9,11568.1111,NA,4.3,4.2,0.741,14
"236","Belarus",2004,"Developing",68.2,247,1,12.05,42.33443901,99,2,56.2,1,99,6.59,99,0.1,2378.33927,973146,2.4,2.5,0.703,14.1
"237","Belarus",2003,"Developing",67.7,253,1,11.17,23.83578594,56,21,55.8,1,53,6.59,5,0.1,1819.525644,9796749,2.5,2.6,0.695,13.9
"238","Belarus",2002,"Developing",67.2,262,1,12.23,145.4233629,99,14,55.3,1,99,6.47,99,0.1,1479.383142,9865548,2.5,2.7,0.687,13.6
"239","Belarus",2001,"Developing",67.7,254,1,10.74,14.06141699,93,45,54.9,1,99,6.62,99,0.1,1244.373185,9928549,2.6,2.7,0.681,13.3
"240","Belarus",2000,"Developing",68,247,1,12.98,24.24947846,7,21,54.4,1,99,6.13,99,0.1,1276.28834,997961,2.7,2.8,0.675,13.1
"252","Belgium",2004,"Developed",78.8,91,1,12.05,5160.508378,64,61,59.8,1,96,9.32,95,0.1,35589.71295,1421137,0.8,0.8,0.88,18.8
"253","Belgium",2003,"Developed",78.3,95,0,11.28,507.306164,64,44,59.4,1,96,9.3,95,0.1,3743.95693,1376133,0.8,0.8,0.878,18.6
"254","Belgium",2002,"Developed",78,99,1,11.29,320.3177664,6,0,59,1,96,8.46,95,0.1,2552.3328,1332785,0.8,0.8,0.875,18.8
"255","Belgium",2001,"Developed",78,1,1,11.01,2943.375396,6,83,58.5,1,96,8.29,95,0.1,23121.56635,128657,0.8,0.8,0.873,18.2
"256","Belgium",2000,"Developed",77.6,11,1,11.21,287.2084529,6,0,58.1,1,96,8.12,95,0.1,2327.4591,125125,0.8,0.8,0.869,18
"268","Belize",2004,"Developing",68.7,197,0,6.2,325.6807462,97,0,43.2,0,97,4.39,97,0.8,3831.53819,27689,3.6,3.5,0.691,12.5
"269","Belize",2003,"Developing",68.4,21,0,5.67,312.7995946,96,0,42.6,0,95,4.53,96,1.5,3679.99523,26913,3.6,3.6,0.684,12.2
"270","Belize",2002,"Developing",68.5,199,0,4.99,262.8299189,97,0,42,0,93,4.38,89,0.1,3556.561825,26226,3.7,3.6,0.678,11.9
"271","Belize",2001,"Developing",68.2,21,0,4.9,251.6586929,96,0,41.4,0,96,4.5,96,0.4,3419.275719,254984,3.7,3.7,0.677,11.8
"272","Belize",2000,"Developing",68.3,196,0,4.79,219.0239836,76,0,4.8,0,91,3.98,91,0.3,3364.423711,247315,3.8,3.7,0.668,11.7
"284","Benin",2004,"Developing",56.1,285,25,1.15,10.73628066,75,262,2.1,39,74,4.56,72,2.1,583.493514,7754,8.9,8.8,0.423,8.1
"285","Benin",2003,"Developing",55.8,285,25,1.35,8.931827297,73,217,19.7,40,75,4.63,73,2.1,519.2922847,752555,9.1,9,0.416,7.7
"286","Benin",2002,"Developing",55.6,283,25,1.23,40.48815233,15,1588,19.2,40,76,4.27,75,2.1,418.6985763,7295394,9.3,9.2,0.407,7.3
"287","Benin",2001,"Developing",55.5,281,25,1.29,45.33476384,NA,5859,18.8,40,77,4.69,76,2.1,378.73654,776733,9.5,9.4,0.395,6.6
"288","Benin",2000,"Developing",55.4,279,25,1.34,37.38182018,NA,4244,18.4,40,78,4.34,78,2,374.1923942,6865951,9.7,9.6,0.389,6.4
"300","Bhutan",2004,"Developing",64.2,263,1,0.96,2.586698228,89,3,16.1,1,9,4.41,89,0.3,197.45788,64282,18,18.8,0,8.8
"301","Bhutan",2003,"Developing",63.3,273,1,0.52,19.15664091,95,0,15.5,1,96,4.9,95,0.2,997.7417141,623434,18.3,19.1,0,8.4
"302","Bhutan",2002,"Developing",62.5,282,1,0.29,151.9755193,83,27,14.9,1,89,7.75,86,0.1,885.6382245,66399,18.6,19.4,0,8
"303","Bhutan",2001,"Developing",61.7,29,1,0.14,8.574029812,89,756,14.4,1,88,5.91,88,0.1,87.9387673,5896,18.9,19.6,0,7.6
"304","Bhutan",2000,"Developing",62,312,1,0.17,93.35872844,98,418,13.9,1,98,6.91,92,0.1,765.8632358,573416,19.2,19.9,0,7.3
"332","Bosnia and Herzegovina",2004,"Developing",75.5,99,0,4.25,3.479918859,36,28,49.9,0,87,9.4,84,0.1,265.642661,3781287,3,3,0,12.3
"333","Bosnia and Herzegovina",2003,"Developing",75.2,12,0,4.14,39.86518043,NA,18,49.4,0,87,7.94,87,0.1,2214.732246,3779247,3,3,0,12.1
"334","Bosnia and Herzegovina",2002,"Developing",75.4,11,0,3.84,151.1399301,NA,28,48.8,0,86,7.1,8,0.1,1761.537647,377587,3.1,3.1,0,11.9
"335","Bosnia and Herzegovina",2001,"Developing",74.9,113,0,3.85,143.2947487,NA,0,48.2,0,92,7.16,91,0.1,1524.41222,3771284,3.2,3.2,0,11.6
"336","Bosnia and Herzegovina",2000,"Developing",74.6,116,0,3.64,165.6168642,NA,43,47.6,0,87,7.9,85,0.1,1461.7552,376676,3.3,3.2,0,0
"348","Botswana",2004,"Developing",48.1,652,2,4.9,469.5823898,91,1,32.2,4,96,5.56,96,28.4,4896.583835,182933,1.5,1.4,0.58,11.8
"349","Botswana",2003,"Developing",46.4,693,2,5.51,299.3671252,9,59,31.6,4,96,4.65,96,31.9,4163.6596,184339,1.9,1.8,0.567,11.8
"350","Botswana",2002,"Developing",46,699,2,6.41,6.3300072,88,7,31.1,4,97,6.47,97,34.6,355.618382,1779953,11.4,11.3,0.558,11.9
"351","Botswana",2001,"Developing",46.7,679,2,5.48,306.9527349,87,1,3.5,4,97,5.73,97,37.2,3128.97793,1754935,11.8,11.8,0.56,11.8
"352","Botswana",2000,"Developing",47.8,647,2,5.37,250.8916484,86,2672,29.9,4,97,4.64,97,38.8,3349.68823,172834,12.3,12.2,0.559,11.7
"364","Brazil",2004,"Developing",72,17,81,6.85,186.6090485,96,0,46.9,93,99,7.7,99,0.1,3623.47667,184738458,3.2,3.2,0.695,14
"365","Brazil",2003,"Developing",71.8,172,88,6.95,15.85781237,97,2,46.1,100,99,6.94,99,0.1,359.587582,182482149,3.3,3.3,0.699,14.8
"366","Brazil",2002,"Developing",71.4,176,95,7,140.9824766,92,1,45.3,109,99,7.13,99,0.1,2819.649531,1815121,3.3,3.3,0.692,14.6
"367","Brazil",2001,"Developing",71,179,103,7.13,149.4802091,91,1,44.5,118,99,7.19,98,0.1,3146.95177,1777567,3.4,3.4,0.685,14.3
"368","Brazil",2000,"Developing",75,183,111,7.26,179.4777293,94,36,43.7,127,99,7.3,98,0.1,3739.11936,175287587,3.4,3.4,0.677,14.1
"380","Brunei Darussalam",2004,"Developing",76.4,89,0,0.11,1504.30004,99,16,3.1,0,92,3.1,92,0.1,21896.6527,NA,6.5,6,0.828,13.7
"381","Brunei Darussalam",2003,"Developing",76,89,0,0.12,1406.51194,99,24,29.1,0,99,3.9,92,0.1,18555.56649,NA,6.6,6.1,0.823,13.4
"382","Brunei Darussalam",2002,"Developing",74.8,95,0,0.13,941.7036868,99,0,28,0,99,3.4,94,0.1,16846.2198,NA,6.7,6.1,0.82,13.3
"383","Brunei Darussalam",2001,"Developing",74.7,19,0,0.47,1078.66244,99,11,27,0,99,3.6,97,0.1,16468.12886,NA,6.8,6.2,0.819,13.4
"384","Brunei Darussalam",2000,"Developing",74.4,16,0,0.37,11.79686108,99,42,26.1,0,99,3.5,99,0.1,188.44826,NA,6.8,6.3,0.818,13.4
"396","Bulgaria",2004,"Developed",72.2,157,1,10.96,384.1473028,94,0,59.1,1,94,7.9,95,0.1,3381.57837,771686,2.3,2.3,0.738,13.3
"397","Bulgaria",2003,"Developed",72,155,1,11.19,32.38616103,96,0,58.6,1,96,7.43,96,0.1,271.46824,7775327,2.3,2.4,0.729,12.9
"398","Bulgaria",2002,"Developed",71.8,157,1,10.2,33.26778134,88,0,58.1,1,94,7.41,93,0.1,287.534843,7837161,2.4,2.4,0.723,12.9
"399","Bulgaria",2001,"Developed",71.6,16,1,10.72,25.06262895,93,8,57.5,1,94,7.23,94,0.1,1764.97387,89142,2.4,2.5,0.713,12.9
"400","Bulgaria",2000,"Developed",71.1,163,1,9.69,15.2357274,94,46,57,1,94,6.7,93,0.1,169.28586,817172,2.5,2.5,0.709,12.9
"412","Burkina Faso",2004,"Developing",52.4,323,49,4.54,56.96108089,NA,77,13.7,91,83,6.45,79,2.5,371.323865,133569,1.5,1.1,0,3.9
"413","Burkina Faso",2003,"Developing",51.6,332,49,4.58,41.60951275,NA,2946,13.3,92,83,5.61,79,2.9,332.344351,12654621,1.7,1.3,0,3.8
"414","Burkina Faso",2002,"Developing",51,338,49,4.53,3.195566831,NA,1744,12.9,93,69,5.26,69,3.2,26.7635413,122931,11,1.6,0,3.6
"415","Burkina Faso",2001,"Developing",56,344,48,4.56,23.1016899,NA,4174,12.5,93,62,4.85,62,3.6,235.4912324,11944587,11.2,1.8,0,3.5
"416","Burkina Faso",2000,"Developing",51,348,48,3.71,19.83929597,NA,6074,12.2,92,45,5.6,45,4,226.4759814,1167942,11.4,11.1,0,3.4
"428","Burundi",2004,"Developing",52.6,378,24,5.72,11.22655347,83,2,13.8,38,76,7.1,83,4.8,127.4296648,7182451,8.4,8.4,0.279,5.2
"429","Burundi",2003,"Developing",51.9,387,24,5.84,6.545263634,NA,224,13.5,38,75,5.25,82,5.1,112.849373,6953113,8.5,8.5,0.276,4.7
"430","Burundi",2002,"Developing",51.5,387,24,5.98,9.660010196,NA,1016,13.3,39,74,5.15,81,5.2,122.4335893,6741569,8.7,8.7,0.268,4.4
"431","Burundi",2001,"Developing",51.3,385,25,6.09,10.61917585,NA,0,13,40,72,4.96,81,5.3,133.7427689,6555829,8.8,8.8,0.268,4.5
"432","Burundi",2000,"Developing",58,386,25,6.61,9.696689164,NA,18363,12.8,41,71,4.98,8,5.2,135.9984455,6476,9,8.9,0.268,4.5
"460","Cabo Verde",2004,"Developing",71.4,14,0,4.19,240.139715,91,0,23.7,0,94,5.6,93,0.8,1976.45856,467664,8.7,8.7,0.574,11.1
"461","Cabo Verde",2003,"Developing",71.1,144,0,4.16,209.0865,66,0,23.2,0,93,5,92,0.9,1768.92132,46147,8.9,8.9,0.572,11.3
"462","Cabo Verde",2002,"Developing",77,148,0,3.82,155.2072669,4,0,22.6,0,92,5.17,91,0.8,1373.515636,45216,9.2,9.1,0.569,11.3
"463","Cabo Verde",2001,"Developing",73,152,0,3.81,150.7434862,NA,0,22.1,0,91,5.19,9,0.8,1268.884564,443716,9.4,9.3,0.562,11
"464","Cabo Verde",2000,"Developing",69.9,155,0,3.49,122.5744699,NA,2,21.5,0,9,4.81,9,0.8,1239.377855,43579,9.6,9.5,0,11.3
"476","Cambodia",2004,"Developing",61.5,253,19,1.38,8.38611924,NA,352,13.5,24,86,6.43,85,1.7,48.615184,1363377,11.6,11.7,0.458,9.7
"477","Cambodia",2003,"Developing",63,268,21,1.44,55.59543946,NA,653,13.1,26,69,6.74,69,1.9,362.4213785,12853124,11.6,11.7,0.445,9.3
"478","Cambodia",2002,"Developing",59.3,273,23,1.43,30.91060554,NA,1361,12.8,29,54,5.95,54,2.1,339.676984,12634729,11.6,11.8,0.427,8.2
"479","Cambodia",2001,"Developing",58.5,273,25,1.71,27.68971051,NA,3761,12.4,33,59,5.7,6,2.2,321.22634,1242473,11.6,11.8,0.412,7.6
"480","Cambodia",2000,"Developing",57.7,274,27,1.51,0.328418056,NA,12237,12.1,36,62,5.87,59,2.1,3.685949,12152354,11.6,11.9,0.401,7.2
"492","Cameroon",2004,"Developing",52.1,412,59,4.71,7.177302132,NA,358,22.8,94,72,4.73,73,7.5,93.211716,1695981,7,7.1,0.455,8.2
"493","Cameroon",2003,"Developing",51.8,412,60,4.64,67.63925302,NA,899,22.3,95,72,4.97,73,7.7,824.8689393,16513822,7.2,7.3,0.452,8.1
"494","Cameroon",2002,"Developing",51.6,47,60,4.58,53.70597428,NA,1448,21.8,97,66,4.86,66,7.8,676.397661,1684886,7.4,7.5,0.452,8.4
"495","Cameroon",2001,"Developing",51.5,41,61,4.43,41.73629221,NA,23934,21.3,99,61,4.7,63,7.9,614.6729339,15671927,7.5,7.7,0.437,7.1
"496","Cameroon",2000,"Developing",51.4,394,62,3.91,4.720593531,NA,14629,2.9,100,57,4.48,62,7.7,68.414399,15274234,7.7,7.8,0.433,6.9
"508","Canada",2004,"Developing",80,77,2,7.8,5513.329924,14,7,6.6,2,91,9.56,91,0.1,31979.87195,31995,0.5,0.4,0.881,15.8
"509","Canada",2003,"Developing",79.7,78,2,7.7,4687.845565,14,15,6,2,88,9.54,91,0.1,28172.14883,31676,0.5,0.4,0.877,15.8
"510","Canada",2002,"Developing",79.5,79,2,7.7,3895.856308,NA,6,59.3,2,88,9.37,88,0.1,24167.8431,31362,0.5,0.4,0.872,15.8
"511","Canada",2001,"Developing",79.4,8,2,7.6,3665.089703,NA,34,58.5,2,88,9.1,89,0.1,23691.59472,31819,0.5,0.4,0.867,15.8
"512","Canada",2000,"Developing",79.1,82,2,7.6,3787.49456,NA,206,57.8,2,88,8.67,89,0.1,24124.16917,37697,0.5,0.5,0.864,15.9
"524","Central African Republic",2004,"Developing",45.7,512,17,1.5,41.50111735,NA,1233,17.9,26,45,4.1,51,12,313.21598,45536,9.9,9.9,0.315,5.7
"525","Central African Republic",2003,"Developing",45.7,51,17,1.49,46.11619441,NA,652,17.5,26,44,4.31,47,12.8,286.25819,3981665,1,1.1,0.316,5.6
"526","Central African Republic",2002,"Developing",45.6,58,17,1.47,31.5941587,NA,938,17.2,25,42,4.16,44,13.4,253.768343,397612,1.2,1.2,0.315,5.4
"527","Central African Republic",2001,"Developing",45.6,54,17,1.52,33.65315697,NA,2837,16.8,25,4,3.95,4,13.9,243.1586486,383223,1.4,1.4,0.314,5.3
"528","Central African Republic",2000,"Developing",46,49,16,1.51,30.78382657,NA,3207,16.5,25,38,4.24,37,14.3,243.5429317,3754986,1.5,1.5,0.312,5.2
"540","Chad",2004,"Developing",48.5,45,44,0.34,72.38451279,NA,10324,15.1,78,31,5.72,21,5.2,454.6765879,97143,1.7,1.6,0.301,5.6
"541","Chad",2003,"Developing",48.4,43,44,0.42,3.979243535,NA,15801,14.8,77,36,5.49,23,5.1,292.5914364,935321,1.9,1.8,0.284,5.4
"542","Chad",2002,"Developing",48.1,43,43,0.36,3.039691193,NA,7277,14.4,76,31,8.33,25,5,22.854821,91689,11.1,11,0.303,5.1
"543","Chad",2001,"Developing",48,4,42,0.3,26.87439074,NA,24908,14.1,75,26,6.9,26,4.8,197.3156442,866312,11.3,11.2,0.3,4.9
"544","Chad",2000,"Developing",47.6,44,41,0.25,21.52701616,NA,3546,13.9,74,3,6.28,36,4.6,166.231785,8342559,11.5,11.4,0,4.7
"556","Chile",2004,"Developing",78,97,2,6.32,78.78564878,NA,0,56.8,2,94,6.93,93,0.1,621.828325,15973778,0.9,1,0.781,14.3
"557","Chile",2003,"Developing",77.9,1,2,6.37,584.0993429,NA,1,56.1,2,96,7.34,96,0.1,4787.699532,15799542,1,1,0.775,14
"558","Chile",2002,"Developing",77.8,11,2,6.06,675.7808443,NA,0,55.4,3,97,6.48,97,0.1,4463.545867,15623635,1,1,0.768,13.9
"559","Chile",2001,"Developing",77.3,16,2,6.1,687.5116825,NA,0,54.7,3,96,6.51,97,0.1,4595.666327,15444969,1,1,0.761,13.7
"560","Chile",2000,"Developing",77.3,13,2,6.24,74.14842946,NA,0,54,3,91,6.4,91,0.1,511.368479,15262754,1.1,1.1,0.755,13.5
"572","China",2004,"Developing",73.5,11,360,3.04,1.58668462,79,70549,23.4,427,87,4.72,87,0.1,158.668462,129675,5.1,4.6,0.622,10.2
"573","China",2003,"Developing",73.1,13,391,2.96,122.9365349,75,71879,22.6,467,87,4.82,86,0.1,1288.642924,12884,5.3,4.7,0.61,9.9
"574","China",2002,"Developing",72.7,16,422,2.91,106.3590358,7,58341,21.9,511,86,4.79,86,0.1,1148.5857,1284,5.5,4.9,0.6,9.7
"575","China",2001,"Developing",72.2,11,457,2.84,14.23064496,65,88962,21.2,558,86,4.56,86,0.1,153.1824,127185,5.7,5,0.592,9.6
"576","China",2000,"Developing",71.7,115,490,3.06,17.46057369,6,71093,2.5,608,86,4.6,85,0.1,959.372181,1262645,5.9,5.1,0.583,9.5
"588","Colombia",2004,"Developing",72.8,148,16,4.26,42.17956418,89,0,49.8,19,89,5.37,89,0.1,274.249442,42724163,2.4,2.2,0.658,11.3
"589","Colombia",2003,"Developing",72.4,15,16,4.25,417.8038898,92,0,49,19,92,5.92,92,0.1,2246.257472,42152151,2.5,2.2,0.659,11.6
"590","Colombia",2002,"Developing",71.8,163,17,4.45,393.8773633,78,139,48.2,20,83,5.67,81,0.1,2355.725857,41572491,2.5,2.3,0.656,11.5
"591","Colombia",2001,"Developing",71.5,165,17,4.43,404.4205858,8,3,47.5,21,83,5.96,8,0.1,2395.856551,498899,2.5,2.3,0.653,11.4
"592","Colombia",2000,"Developing",71.4,167,18,4.66,477.1341814,78,1,46.7,21,82,5.91,79,0.1,2472.197831,443958,2.6,2.3,0.65,11.3
"604","Comoros",2004,"Developing",59.8,269,2,0.27,7.212110766,77,0,18.8,2,73,3.96,76,0.1,616.4197236,597228,7.5,7.5,0,9.5
"605","Comoros",2003,"Developing",59.6,271,2,0.26,45.09010835,28,0,18.4,2,8,3.65,8,0.1,544.566526,583211,7.6,7.6,0,9.2
"606","Comoros",2002,"Developing",59.5,271,2,0.08,29.41897495,NA,0,18,2,98,3.39,89,0.1,433.2691451,569479,7.7,7.7,0,8.8
"607","Comoros",2001,"Developing",59.5,272,1,0.08,19.71741043,NA,0,17.6,2,7,2.86,7,0.1,395.9319363,555888,7.8,7.8,0,8.5
"608","Comoros",2000,"Developing",59.5,272,1,0.09,35.02948624,NA,0,17.3,2,7,3.56,7,0.1,375.8528566,542357,7.9,7.9,0,8.2
"637","Costa Rica",2004,"Developing",77.7,12,1,4.09,1043.10795,89,0,49.3,1,9,7.8,9,0.1,4425.57467,418738,2.1,2,0.719,12.2
"638","Costa Rica",2003,"Developing",78,1,1,4.04,1070.268999,86,1,48.3,1,88,8.45,88,0.1,4167.71417,4125971,2.2,2.1,0.715,12.1
"639","Costa Rica",2002,"Developing",78.3,99,1,4.17,112.9493745,94,0,47.3,1,94,8.23,94,0.1,462.14965,46324,2.2,2.2,0.712,11.9
"640","Costa Rica",2001,"Developing",77.5,1,1,4.29,868.3713593,8,0,46.4,1,92,7.25,91,0.1,3981.52847,3996798,2.3,2.2,0.708,11.7
"641","Costa Rica",2000,"Developing",77.6,98,1,4.34,94.17819458,89,0,45.4,1,8,7.12,88,0.1,388.363689,3925443,2.4,2.3,0.702,11.6
"653","Croatia",2004,"Developed",75.4,114,0,13.11,1116.396502,NA,54,56.9,0,96,6.56,96,0.1,9365.742468,4439,1.9,1.9,0.771,13.3
"654","Croatia",2003,"Developed",74.7,122,0,13.78,93.67706503,NA,19,56.3,0,95,6.35,94,0.1,785.881418,444,1.9,1.9,0.765,12.9
"655","Croatia",2002,"Developed",74.8,124,0,13.39,11.63615139,NA,6,55.8,0,95,6.19,95,0.1,653.71637,444,2,2,0.759,12.6
"656","Croatia",2001,"Developed",74.9,126,0,13.15,650.9567981,NA,8,55.2,0,94,7.16,94,0.1,5245.421419,444,2,2,0.749,12.3
"657","Croatia",2000,"Developed",74.7,127,0,12.73,649.3909871,NA,9,54.7,0,94,7.66,93,0.1,4919.62869,4426,2.1,2.1,0.739,12.2
"669","Cuba",2004,"Developing",77.3,17,1,4.38,4.484254579,99,0,53,1,98,6.14,88,0.1,339.716256,NA,3.4,3.3,0.705,13.2
"670","Cuba",2003,"Developing",77.4,18,1,4.39,60.34145124,99,0,52.1,1,98,6.31,72,0.1,3192.669378,NA,3.5,3.3,0.694,12.9
"671","Cuba",2002,"Developing",77.7,19,1,4.1,334.7672107,98,0,51.3,1,98,6.5,99,0.1,2994.339988,NA,3.5,3.3,0.692,12.5
"672","Cuba",2001,"Developing",76.7,115,1,4.04,322.5863149,98,0,5.4,1,99,6.27,98,0.1,2832.188893,NA,3.6,3.4,0.686,12.3
"673","Cuba",2000,"Developing",76.9,115,1,3.92,49.34007756,98,0,49.4,1,98,6.7,95,0.1,2741.11542,NA,3.6,3.4,0.679,12.1
"685","Cyprus",2004,"Developed",78.6,65,0,13.03,1586.724172,88,0,54.8,0,98,6.42,98,0.1,23932.49128,1141,0.9,1,0.823,13.4
"686","Cyprus",2003,"Developed",78.5,66,0,10.62,158.7087399,88,0,54.3,0,98,6.83,98,0.1,2293.4789,993563,0.9,1,0.815,13
"687","Cyprus",2002,"Developed",78.4,68,0,11.68,1128.050886,88,0,53.8,0,98,6.12,98,0.1,16372.29152,976966,0.9,1,0.805,12.5
"688","Cyprus",2001,"Developed",78.2,69,0,10.16,100.8086193,89,0,53.3,0,97,5.78,97,0.1,1562.92433,96282,0.9,1,0.8,12.4
"689","Cyprus",2000,"Developed",78.1,7,0,9.56,950.8027925,89,0,52.8,0,97,5.77,97,0.1,14672.8826,943286,0.9,1,0.798,12.5
"749","Denmark",2004,"Developed",77.7,98,0,11.27,6948.839868,NA,0,54.4,0,95,9.67,95,0.1,46511.6457,544523,1.2,1,0.893,16.5
"750","Denmark",2003,"Developed",77.3,11,0,11.54,650.9813544,NA,0,53.9,0,96,9.51,96,0.1,4458.7764,539574,1.2,1,0.882,16.3
"751","Denmark",2002,"Developed",77,14,0,11.34,4801.546125,NA,32,53.3,0,98,9.33,98,0.1,33228.69291,5375931,1.2,1,0.875,16.6
"752","Denmark",2001,"Developed",77,12,0,11.56,530.4832336,NA,11,52.8,0,97,9.1,97,0.1,3751.64946,5358783,1.3,1,0.862,16.2
"753","Denmark",2000,"Developed",76.9,12,0,11.69,508.7496912,NA,14,52.2,0,97,8.7,97,0.1,3743.55917,5339616,1.3,1,0.86,16.5
"765","Djibouti",2004,"Developing",58.1,326,2,1.18,106.0354659,NA,71,29.8,2,64,6.76,64,4,864.184726,77752,6,5.9,0.388,3.7
"766","Djibouti",2003,"Developing",58,325,2,1.02,94.13302875,NA,37,29.4,2,68,6.22,68,4.2,819.974118,758615,6.1,5.9,0.378,3.5
"767","Djibouti",2002,"Developing",57.9,322,2,1.03,13.46662004,NA,50,29,2,62,5.45,62,4.3,792.15412,746221,6.2,6,0.372,3.3
"768","Djibouti",2001,"Developing",57.7,323,2,0.95,92.4978948,NA,79,28.6,2,49,5.37,53,4.3,781.2322196,732711,6.3,6.1,0.363,2.9
"769","Djibouti",2000,"Developing",57.4,325,2,1.34,91.95075901,NA,183,28.2,2,46,5.75,46,4.1,768.176767,717584,6.4,6.1,0.361,2.9
"782","Dominican Republic",2004,"Developing",69.3,214,7,5.16,182.6162515,82,0,47.2,8,66,4.28,79,2.1,2421.9662,912998,3.6,3.5,0.666,12.5
"783","Dominican Republic",2003,"Developing",73,22,7,6.32,293.0196601,79,0,46.1,8,65,5.53,79,2.3,2372.628827,896776,3.6,3.5,0.665,12.4
"784","Dominican Republic",2002,"Developing",71.4,189,7,6.43,4.67359227,63,0,45.1,8,74,5.79,82,2.4,38.46578,8832285,3.7,3.6,0.66,12.3
"785","Dominican Republic",2001,"Developing",71.2,188,7,6.13,340.0239945,66,113,44.1,9,71,5.59,72,2.5,2862.154836,8697126,3.8,3.6,0.656,12.3
"786","Dominican Republic",2000,"Developing",72,176,7,6.58,44.79247812,68,253,43.1,9,71,5.9,78,2.5,282.4242,8562622,3.8,3.7,0.651,12.2
"798","Ecuador",2004,"Developing",74.4,148,8,3.65,16.37920405,88,0,46.5,9,9,6.22,88,0.3,278.557892,1359647,1.5,1.3,0.682,12.7
"799","Ecuador",2003,"Developing",74.4,151,8,3.69,18.26183281,82,0,45.8,10,97,6.46,87,0.3,244.46898,1328961,1.5,1.4,0.679,12.6
"800","Ecuador",2002,"Developing",73.6,157,8,3.88,187.3843511,75,0,45.1,10,88,4.62,88,0.3,2183.966796,13726,1.5,1.4,0.675,12.5
"801","Ecuador",2001,"Developing",73.4,158,9,4.13,14.5887403,69,2,44.3,10,9,3.86,89,0.3,193.741571,12852755,1.6,1.5,0.67,12.4
"802","Ecuador",2000,"Developing",72.8,163,9,3.99,84.17527008,36,0,43.6,11,83,3.38,87,0.3,1451.29776,12628596,1.6,1.5,0.668,12.4
"830","El Salvador",2004,"Developing",70,215,3,2.9,398.6058322,9,0,48.6,3,9,7.3,9,0.3,2632.79942,6775,1.9,1.8,0.636,12.4
"831","El Salvador",2003,"Developing",69.9,29,3,3.1,400.1342971,94,0,47.8,4,93,7.61,94,0.3,2519.737387,5971535,2,1.9,0.628,12
"832","El Salvador",2002,"Developing",73,24,3,2.97,29.68529375,81,0,47,4,81,7.9,81,0.4,248.4125,59433,2,1.9,0.621,11.8
"833","El Salvador",2001,"Developing",68.9,219,4,2.88,332.1056586,75,2,46.2,4,94,8.2,92,0.4,2338.772244,595962,2.1,2,0.615,11.6
"834","El Salvador",2000,"Developing",69,218,4,2.79,353.6690328,99,0,45.3,5,98,8.17,99,0.4,2238.4116,5867626,2.1,2,0.607,11.3
"846","Equatorial Guinea",2004,"Developing",54.1,336,3,6.28,44.54768305,NA,38,19.8,4,48,2.4,38,4.4,685.34897,724817,1,1,0.553,8.5
"847","Equatorial Guinea",2003,"Developing",53.8,334,3,7.13,309.7834587,NA,18,19.5,4,46,2.23,37,3.6,3577.176197,694611,1.2,1.1,0.554,8.4
"848","Equatorial Guinea",2002,"Developing",53.5,334,3,6.01,234.7874207,NA,24,19.1,4,44,2.5,36,2.9,2711.17114,66647,1.4,1.3,0.542,8.2
"849","Equatorial Guinea",2001,"Developing",53.1,334,3,5.07,197.7839552,NA,1339,18.7,4,43,1.78,35,2.3,2283.87939,639762,1.6,1.4,0.527,8
"850","Equatorial Guinea",2000,"Developing",52.7,336,3,4.46,14.95451321,NA,0,18.3,4,41,2.73,34,1.9,172.68491,614323,1.7,1.6,0,0
"862","Eritrea",2004,"Developing",59.1,342,7,0.64,10.26097341,84,24,13.6,10,98,3.14,98,1.8,287.4222243,3858623,9.6,9.6,0,5
"863","Eritrea",2003,"Developing",58.8,343,7,0.56,6.913998013,91,376,13.3,10,95,3.5,93,1.9,232.7945459,3738265,9.7,9.7,0,4.7
"864","Eritrea",2002,"Developing",58.5,343,7,0.83,0.703132179,86,460,13.1,10,92,4.2,9,1.9,21.7687981,3614639,9.9,9.9,0,4.4
"865","Eritrea",2001,"Developing",58.1,345,7,0.61,5.593619538,NA,204,12.8,10,89,3.95,86,2,215.139213,3497124,1,1,0,4.3
"866","Eritrea",2000,"Developing",45.3,593,7,0.83,0.735940361,NA,789,12.6,10,82,4.43,81,1.9,28.1969487,339281,1.2,1.1,0,3.9
"878","Estonia",2004,"Developing",72.3,195,0,15.07,101.1201161,9,0,55.2,0,95,5.13,94,0.1,885.465115,136255,2.2,2.3,0.805,15.7
"879","Estonia",2003,"Developing",71.9,199,0,11.64,132.7233922,NA,0,54.9,0,95,4.92,94,0.1,7174.237415,13772,2.2,2.3,0.798,15.6
"880","Estonia",2002,"Developing",71.2,211,0,11.48,7.806042825,NA,0,54.6,0,94,4.84,94,0.1,538.347781,137935,2.3,2.4,0.791,15.4
"881","Estonia",2001,"Developing",78,225,0,0.01,88.62945822,NA,0,54.3,0,94,4.85,94,0.1,4498.95727,1388115,2.4,2.5,0.781,15
"882","Estonia",2000,"Developing",78,218,0,0.01,5.34809451,NA,9,54,0,93,5.28,93,0.1,47.32827,1396985,2.5,2.5,0.764,14.4
"894","Ethiopia",2004,"Developing",55,354,217,0.86,1.506962482,NA,73,13.5,342,54,4.23,4,4.1,135.7623858,7462445,11.5,11.3,0.31,5.4
"895","Ethiopia",2003,"Developing",54,363,228,0.79,10.97201912,NA,228,13.2,360,55,4.64,37,4.4,118.8734466,72545144,11.6,11.5,0.306,5.2
"896","Ethiopia",2002,"Developing",53.2,369,237,0.8,10.82452594,NA,3332,12.9,377,55,4.73,35,4.6,111.3634356,7497192,11.7,11.6,0.298,4.9
"897","Ethiopia",2001,"Developing",52.5,372,246,0.85,1.186227577,NA,2366,12.6,392,55,4.26,32,4.9,12.1789279,68492257,11.8,11.7,0.283,4.3
"898","Ethiopia",2000,"Developing",51.2,391,253,0.88,11.59481766,NA,1660,12.3,404,55,4.36,3,5,123.876257,66537331,11.9,11.8,0,3.9
"910","Fiji",2004,"Developing",68.1,218,0,1.63,43.99452464,99,37,54.2,0,96,3.61,95,0.1,3332.918533,818354,4.2,3.9,0.691,13.4
"911","Fiji",2003,"Developing",68,22,0,1.76,253.8196705,99,305,53.2,0,95,3.35,94,0.1,2835.973972,816628,4.2,3.9,0.689,13.3
"912","Fiji",2002,"Developing",67.9,22,0,1.85,206.071686,99,304,52.2,0,94,3.48,93,0.1,2259.55796,815691,4.2,3.9,0.687,13.3
"913","Fiji",2001,"Developing",67.8,221,0,1.93,20.7119129,98,17,51.2,0,92,3.28,91,0.1,238.891729,814218,4.3,4,0.683,13.2
"914","Fiji",2000,"Developing",67.7,221,0,2.05,31.25834616,98,0,5.2,0,91,3.87,9,0.1,276.1338,811223,4.3,4,0.681,13.1
"926","Finland",2004,"Developing",78.7,12,0,9.89,4508.806185,NA,0,57.6,0,96,8.21,98,0.1,37636.11173,5228172,0.9,0.8,0.869,18.3
"927","Finland",2003,"Developing",78.4,98,0,9.31,3869.026302,NA,0,57.1,0,96,8.15,98,0.1,32816.1688,521314,0.9,0.8,0.866,18.1
"928","Finland",2002,"Developing",78.1,98,0,9.25,3099.357319,NA,0,56.6,0,95,7.81,98,0.1,26834.2625,52598,0.9,0.8,0.863,18
"929","Finland",2001,"Developing",78,1,0,8.94,2775.33544,NA,1,56.1,0,95,7.43,98,0.1,24913.24452,51888,0.9,0.8,0.856,17.7
"930","Finland",2000,"Developing",77.5,15,0,8.59,397.7533689,NA,0,55.5,0,96,7.22,99,0.1,24253.2542,517629,0.9,0.9,0.847,17.3
"942","France",2004,"Developing",82,94,3,13.18,5291.234786,35,4448,57,4,99,1.53,98,0.1,33874.74255,6274897,0.6,0.6,0.857,15.5
"943","France",2003,"Developing",79.3,99,3,13.49,4572.441963,28,0,56.4,4,96,1.43,97,0.1,29691.18158,62244884,0.6,0.6,0.852,15.4
"944","France",2002,"Developing",79.2,11,3,13.78,3779.655273,29,5185,55.8,4,97,1.22,97,0.1,24275.2426,6185267,0.7,0.6,0.851,15.5
"945","France",2001,"Developing",79,13,3,13.89,3451.185079,28,0,55.2,4,98,9.89,97,0.1,22527.31775,61357431,0.7,0.6,0.849,15.6
"946","France",2000,"Developing",78.8,13,3,13.63,3410.284431,26,10000,54.6,4,98,9.77,97,0.1,22465.64184,6912498,0.7,0.6,0.844,15.7
"958","Gabon",2004,"Developing",59.7,322,2,8.13,443.4750634,NA,63,3.3,3,44,3.26,45,11.1,5685.577736,136425,7.4,7.2,0.64,12.3
"959","Gabon",2003,"Developing",59.7,32,2,6.47,352.232365,NA,0,29.8,3,44,3.48,45,11,4892.11618,1328146,7.5,7.4,0.638,12.3
"960","Gabon",2002,"Developing",59.7,315,2,8.34,22.69039905,NA,110,29.2,3,44,3.22,45,10.7,412.55271,129449,7.7,7.5,0.636,12.3
"961","Gabon",2001,"Developing",59.8,37,2,9.29,183.6980778,NA,5129,28.7,3,44,3.23,45,10.1,3976.14887,1262259,7.8,7.7,0.633,12.3
"962","Gabon",2000,"Developing",61,296,2,8.87,218.1727473,NA,15,28.1,3,44,2.89,45,9.5,4116.46693,1231122,8,7.8,0.637,12.2
"990","Georgia",2004,"Developing",72.3,134,1,3.74,7.132564768,64,6847,48.1,1,66,8.53,78,0.1,127.367228,4245,2.8,3,0.694,12
"991","Georgia",2003,"Developing",72.7,132,1,3.36,70.54185252,48,216,47.5,2,74,8.49,75,0.1,928.18227,431,2.9,3,0.684,11.8
"992","Georgia",2002,"Developing",71.7,142,2,2.72,60.55818291,51,199,47,2,89,8.72,84,0.1,779.3845935,4357,2.9,3,0.677,11.8
"993","Georgia",2001,"Developing",73,121,2,2.76,57.10318825,61,35,46.5,2,83,7.82,87,0.1,733.974142,43864,3,3.1,0.673,11.7
"994","Georgia",2000,"Developing",71.8,129,2,3.28,47.81704183,55,50,46,2,81,6.94,8,0.1,691.997711,44183,3.1,3.1,0,11.4
"1006","Germany",2004,"Developed",79.1,86,3,11.83,5842.374765,88,121,57.1,3,96,1.37,96,0.1,34165.9343,8251626,1.1,1.1,0.877,16.4
"1007","Germany",2003,"Developed",78.5,9,3,11.92,582.6157028,9,779,56.6,4,96,1.62,97,0.1,3359.95215,82534176,1.1,1.1,0.872,16.3
"1008","Germany",2002,"Developed",78.4,91,3,12.25,437.1059663,87,4657,56.1,4,97,1.4,93,0.1,2525.16445,82488495,1.2,1.1,0.867,16.3
"1009","Germany",2001,"Developed",78.3,92,3,12.46,4057.637383,86,6024,55.6,4,96,1.15,93,0.1,23687.31689,82349925,1.2,1.1,0.86,16.2
"1010","Germany",2000,"Developed",78,95,3,12.91,4238.540035,84,0,55.1,4,94,1.1,9,0.1,23718.7467,8221158,1.2,1.2,0.855,16.2
"1022","Ghana",2004,"Developing",58.3,34,41,1.46,53.23775977,8,60,21.8,62,81,3.96,8,3.2,423.1936389,2986536,8.4,8.3,0.491,7.7
"1023","Ghana",2003,"Developing",57.9,38,41,1.53,31.09435342,8,1939,21.2,63,8,3.12,8,3.4,373.2815537,2446782,8.6,8.5,0.489,7.9
"1024","Ghana",2002,"Developing",57.6,31,42,1.6,3.336437969,8,12289,2.7,63,8,3.7,78,3.5,39.484473,19924522,8.8,8.8,0.484,7.6
"1025","Ghana",2001,"Developing",57.4,39,42,1.49,25.55981288,NA,13476,2.1,64,81,3.56,79,3.5,273.6596668,1942165,9,9,0.485,8
"1026","Ghana",2000,"Developing",57.2,38,43,1.6,20.65432873,NA,23068,19.5,65,88,3,88,3.6,263.1124679,18938762,9.2,9.2,0.48,7.7
"1038","Greece",2004,"Developing",79.2,81,0,9.56,287.6124519,92,1,59.9,1,95,8.3,95,0.1,21955.149,1955141,0.8,0.8,0.83,15.3
"1039","Greece",2003,"Developing",79.1,81,0,9.46,2124.921517,92,0,59.2,1,93,8.61,94,0.1,18477.57841,19287,0.8,0.8,0.823,15.2
"1040","Greece",2002,"Developing",79,81,1,8.09,160.8897265,91,5,58.6,1,92,8.72,92,0.1,1411.31339,19222,0.8,0.8,0.811,14.6
"1041","Greece",2001,"Developing",78.7,83,1,8.62,1403.022211,9,12,58,1,9,8.47,91,0.1,12538.17883,1862132,0.9,0.8,0.801,14.2
"1042","Greece",2000,"Developing",78.2,84,1,8.48,122.1823517,89,56,57.4,1,89,7.6,89,0.1,1242.95373,18588,0.9,0.8,0.794,13.9
"1054","Grenada",2004,"Developing",73,187,0,8.43,100.965873,83,0,39.9,0,84,5.24,83,0.1,5836.17763,NA,4,4,0,14.8
"1055","Grenada",2003,"Developing",71.1,173,0,9.75,77.9454329,97,0,39.4,0,98,5.89,97,0.1,5773.73577,NA,4,4.1,0,14.6
"1056","Grenada",2002,"Developing",79,176,0,10.71,513.3465408,98,0,38.8,0,98,6.67,98,0.1,5292.232379,NA,4.1,4.1,0,14.4
"1057","Grenada",2001,"Developing",77,178,0,9.61,81.11355954,96,0,38.2,0,96,7.67,96,0.1,519.958715,NA,4.2,4.2,0,14.3
"1058","Grenada",2000,"Developing",74,182,0,9.4,676.5453878,NA,0,37.7,0,97,6.62,97,0.1,5117.589923,NA,4.3,4.2,0,14.1
"1070","Guatemala",2004,"Developing",69.6,21,15,2.4,288.4016258,NA,0,43.1,18,88,6.77,87,0.4,1872.73783,12796925,1.4,1.4,0.564,9.3
"1071","Guatemala",2003,"Developing",69.4,24,15,2.45,249.3262948,NA,0,42.4,19,84,6.88,84,0.4,1753.349471,125478,1.4,1.4,0.56,9
"1072","Guatemala",2002,"Developing",69.3,21,16,2.41,25.25040918,NA,0,41.7,20,82,6.71,82,0.3,171.771491,1228848,1.5,1.5,0.553,8.8
"1073","Guatemala",2001,"Developing",68.4,211,16,2.53,225.0619956,NA,0,41.1,20,78,6.76,77,0.3,1568.376276,11924946,1.5,1.5,0.546,8.5
"1074","Guatemala",2000,"Developing",67.7,221,17,2.63,238.7369808,NA,0,4.4,21,8,5.25,81,0.2,1655.596261,1165743,1.6,1.6,0.539,8.2
"1086","Guinea",2004,"Developing",54,334,33,0.34,18.93011259,NA,10,18.1,53,65,3.14,6,2.8,386.3288283,949229,9.5,9.5,0.325,5.1
"1087","Guinea",2003,"Developing",53.3,338,34,0.18,2.39524067,NA,2497,17.7,55,61,3.45,57,2.9,37.1931781,939848,9.7,9.7,0.338,5.9
"1088","Guinea",2002,"Developing",52.9,337,35,0.21,21.3378184,NA,2151,17.3,56,56,3.76,53,3,322.811171,9137345,9.9,9.9,0.329,5.5
"1089","Guinea",2001,"Developing",52.5,336,36,0.17,19.89790929,NA,7408,16.9,58,52,3.65,5,3,315.83983,8971139,1.1,1.1,0.322,5.1
"1090","Guinea",2000,"Developing",52.5,328,37,0.17,2.215986136,NA,11294,16.6,60,47,3.46,46,3,34.516918,888546,1.3,1.3,0.316,4.8
"1102","Guinea-Bissau",2004,"Developing",53.5,38,5,2.58,13.52999556,NA,3526,19.6,8,69,5.41,64,5,393.3138244,135345,9.4,9.3,0,7.7
"1103","Guinea-Bissau",2003,"Developing",53,38,5,2.16,2.527115422,NA,1158,19,8,65,5.62,6,4.6,36.5718585,132122,9.6,9.5,0,7.4
"1104","Guinea-Bissau",2002,"Developing",52.8,35,5,2.47,24.65761755,NA,298,18.5,8,61,5.84,57,4.1,321.481324,1293523,9.8,9.7,0,7.1
"1105","Guinea-Bissau",2001,"Developing",52.5,32,5,2.55,0.868708478,NA,126,17.9,9,56,5.4,53,3.6,39.486749,1267512,1,1,0,6.7
"1106","Guinea-Bissau",2000,"Developing",52.1,3,5,2.84,6.699418747,NA,0,17.4,9,52,4.94,49,3.1,297.7519443,1243229,1.2,1.2,0,6.4
"1118","Guyana",2004,"Developing",65.1,237,1,7.84,1.776181042,91,0,38.4,1,91,5.73,91,1.9,145.58861,751652,5.8,5.6,0.613,11.2
"1119","Guyana",2003,"Developing",65.3,237,1,7.93,16.47949015,9,0,37.8,1,91,5.97,9,2.1,986.7958173,751857,5.8,5.6,0.611,11.1
"1120","Guyana",2002,"Developing",65.3,244,1,7.73,10.9363388,91,0,37.1,1,93,5.84,91,2.3,96.8674827,751884,5.9,5.7,0.609,11
"1121","Guyana",2001,"Developing",65.4,247,1,6.71,15.54978677,85,0,36.4,1,9,5.82,85,1.7,925.582546,752263,5.9,5.7,0.606,10.9
"1122","Guyana",2000,"Developing",65.4,246,1,6.63,16.75480888,NA,0,35.7,1,79,5.85,88,1.1,946.599372,75331,5.9,5.8,0.602,10.9
"1134","Haiti",2004,"Developing",58.7,32,18,6.1,64.39853344,NA,0,37.5,24,58,5.61,55,4.3,387.9429725,9119178,4.5,4.5,0.45,8.1
"1135","Haiti",2003,"Developing",59.7,3,18,6.64,44.25687135,NA,0,36.5,25,56,5.32,53,4.6,329.782946,8976552,4.5,4.6,0.447,8.1
"1136","Haiti",2002,"Developing",59.3,33,19,6.1,50.28558223,NA,0,35.6,26,54,5.47,48,4.8,393.16327,8834733,4.6,4.7,0.444,8
"1137","Haiti",2001,"Developing",58.9,35,19,6.22,60.77815868,NA,159,34.8,27,52,5.63,45,5,413.7383164,8692567,4.7,4.7,0.443,7.9
"1138","Haiti",2000,"Developing",58.6,35,20,4.79,74.46033036,NA,992,34,28,5,6.6,41,5.1,462.486524,85492,4.8,4.8,0.439,7.8
"1150","Honduras",2004,"Developing",72.2,165,5,3.02,188.2499208,93,0,42,7,94,7.89,94,1.2,1217.657961,724153,2.6,2.5,0.571,10.4
"1151","Honduras",2003,"Developing",71.9,166,6,3.04,194.4335736,91,0,41.2,7,92,8.29,92,1.4,1157.3427,733821,2.6,2.5,0.566,10.3
"1152","Honduras",2002,"Developing",71.6,169,6,3.09,154.8636161,94,0,4.4,7,95,7.28,95,1.5,1132.8721,6863157,2.7,2.6,0.561,10.1
"1153","Honduras",2001,"Developing",71.3,171,6,2.74,15.36175284,95,0,39.6,8,99,6.88,96,1.6,113.4546,669361,2.7,2.7,0.557,9.9
"1154","Honduras",2000,"Developing",71,174,6,2.61,28.80831098,93,0,38.8,8,88,6.63,94,1.7,188.783165,6524283,2.8,2.7,0.551,9.8
"1166","Hungary",2004,"Developed",72.9,18,1,13.28,146.8608016,NA,0,58.2,1,99,8.8,99,0.1,1259.5266,117146,2.1,2.1,0.793,15.3
"1167","Hungary",2003,"Developed",72.5,184,1,13.24,1030.220271,NA,0,57.6,1,99,8.42,99,0.1,8396.25323,1129552,2.1,2.1,0.784,14.9
"1168","Hungary",2002,"Developed",72.5,184,1,13.29,8.98619805,NA,0,57.1,1,98,7.47,99,0.1,665.6443,115868,2.2,2.2,0.775,14.6
"1169","Hungary",2001,"Developed",72.3,185,1,13.18,7.601092416,NA,20,56.6,1,99,7.11,99,0.1,527.85364,1187576,2.2,2.2,0.769,14.2
"1170","Hungary",2000,"Developed",71.7,193,1,12.22,75.36251406,NA,1,56.1,1,99,7.6,99,0.1,4623.46712,121971,2.3,2.3,0.761,13.9
"1182","Iceland",2004,"Developed",88,65,0,6.79,8506.101443,NA,0,56.5,0,99,9.59,99,0.1,46917.27216,29274,1,0.9,0.873,18.3
"1183","Iceland",2003,"Developed",87,65,0,6.61,725.4853161,NA,0,55.9,0,97,1.7,97,0.1,3944.999,289521,1,0.9,0.866,17.6
"1184","Iceland",2002,"Developed",84,7,0,6.61,5948.096777,NA,0,55.4,0,95,9.86,95,0.1,31996.2172,287523,1,0.9,0.859,17.2
"1185","Iceland",2001,"Developed",80,72,0,6.37,5048.274426,NA,0,54.8,0,92,9.12,92,0.1,28585.9254,284968,1,0.9,0.854,17.1
"1186","Iceland",2000,"Developed",79.7,74,0,6.17,5809.12199,NA,0,54.2,0,98,9.28,98,0.1,31813.37344,28125,1,0.9,0.847,16.8
"1198","India",2004,"Developing",64,214,1600,1.2,27.33800857,6,55443,13,2100,58,4.22,63,0.3,621.3183767,1126135777,27.2,28.2,0.518,9.2
"1199","India",2003,"Developing",63.7,216,1700,1.19,19.4808682,NA,47147,12.6,2200,57,4.3,61,0.3,541.1352279,11827848,27.3,28.3,0.505,8.6
"1200","India",2002,"Developing",63.3,219,1700,1.1,17.81205644,NA,40044,12.2,2300,58,4.4,59,0.3,466.2842,18987112,27.4,28.4,0.499,8.4
"1201","India",2001,"Developing",62.9,222,1800,1,19.00340606,NA,51780,11.8,2400,58,4.5,59,0.3,447.138966,171477855,27.5,28.5,0.494,8.3
"1202","India",2000,"Developing",62.5,224,1800,0.93,19.26615743,NA,38835,11.4,2500,57,4.26,58,0.3,438.864634,1535912,27.7,28.6,0.489,8.3
"1214","Indonesia",2004,"Developing",65.3,213,174,0.06,55.36107207,64,29171,18.2,237,79,2.37,71,0.1,1148.56996,223614649,1.9,1.9,0.624,11
"1215","Indonesia",2003,"Developing",66.9,189,173,0.05,8.460155758,64,24457,17.5,215,8,2.53,71,0.1,164.59447,22545214,1.9,11,0.613,10.8
"1216","Indonesia",2002,"Developing",66.7,189,177,0.05,43.17867291,63,14492,16.7,222,8,2.27,7,0.1,899.5556857,2175859,11,11.1,0.608,10.6
"1217","Indonesia",2001,"Developing",66.5,188,182,0.06,33.95837125,62,3825,16,229,77,2.23,76,0.1,747.9817455,2145652,11,11.1,0.604,10.6
"1218","Indonesia",2000,"Developing",66.3,188,187,0.06,3.43334364,65,3344,15.4,237,72,1.98,75,0.1,78.92744,21154429,11,11.2,0.597,10.7
"1246","Iraq",2004,"Developing",67.2,21,30,0.32,44.12059646,62,9081,51.9,37,69,5.61,74,0.1,1391.816923,2631669,5.4,5.2,0.603,9.8
"1262","Ireland",2004,"Developed",78.3,82,0,13.32,8040.220444,NA,334,54.4,0,89,7.34,89,0.1,47631.6377,47262,0.3,0.2,0.88,17.1
"1263","Ireland",2003,"Developed",78,82,0,13.24,675.2134725,NA,584,53.6,0,86,7.5,86,0.1,4117.15532,3996521,0.3,0.2,0.87,16.8
"1264","Ireland",2002,"Developed",77.4,88,0,14.17,5092.383814,NA,243,52.9,0,83,6.85,83,0.1,32539.1937,3931947,0.3,0.3,0.862,16.5
"1265","Ireland",2001,"Developed",77,89,0,14.27,4264.579203,NA,241,52.2,0,84,6.6,84,0.1,28223.55528,3866243,0.3,0.3,0.857,16.4
"1266","Ireland",2000,"Developed",76.4,94,0,14.07,3794.581463,NA,0,51.5,0,86,6.3,86,0.1,26241.91883,385174,0.3,0.3,0.848,16.2
"1278","Israel",2004,"Developing",81,69,1,2.23,1895.342792,99,116,6.1,1,95,7.35,95,0.1,19888.172,689,1.1,1.1,0.863,15.9
"1279","Israel",2003,"Developing",79.7,71,1,2.32,1731.755747,98,124,59.6,1,93,7.44,93,0.1,18946.99942,66897,1.1,1.1,0.863,16
"1280","Israel",2002,"Developing",79.3,74,1,2.47,1701.195787,98,2,59.2,1,91,7.49,9,0.1,18431.15696,657,1.1,1.1,0.855,15.3
"1281","Israel",2001,"Developing",79.3,74,1,2.53,22.27332618,96,19,58.7,1,93,7.61,92,0.1,236.19646,6439,1.1,1.1,0.85,15.1
"1282","Israel",2000,"Developing",78.9,76,1,2.53,199.9341033,98,36,58.3,1,93,7.13,93,0.1,2152.1432,6289,1.1,1.1,0.845,15.2
"1294","Italy",2004,"Developed",89,66,2,8.98,4270.914882,96,599,57.6,3,97,8.49,94,0.1,31174.56118,57685327,0.5,0.5,0.846,15.6
"1295","Italy",2003,"Developed",79.9,72,2,9.3,3519.258515,95,10982,57,3,97,8.17,96,0.1,27387.2258,5731323,0.5,0.5,0.841,15.4
"1296","Italy",2002,"Developed",80,72,2,9.25,2883.334911,95,9385,56.4,3,96,8.23,93,0.1,22196.5736,57597,0.5,0.5,0.836,15.2
"1297","Italy",2001,"Developed",79.8,75,2,9.69,3.1222302,95,0,55.7,3,96,8.11,93,0.1,24.819,569741,0.5,0.5,0.828,14.9
"1298","Italy",2000,"Developed",79.4,77,3,9.78,31.50582204,94,1457,55,3,97,7.91,87,0.1,251.2426,5694218,0.5,0.5,0.823,14.8
"1310","Jamaica",2004,"Developing",73.3,165,1,3.67,192.3226305,98,0,45.4,1,97,4.8,98,2.3,3719.97351,2728777,1.9,1.8,0.689,11.1
"1311","Jamaica",2003,"Developing",73.1,166,1,3.48,155.5884677,36,0,44.5,1,99,4.56,96,2.3,3465.221998,2712511,1.9,1.8,0.694,11.9
"1312","Jamaica",2002,"Developing",73,167,1,3.76,211.1143318,NA,0,43.5,1,99,4.86,99,2.3,3596.496282,2695446,2,1.8,0.69,11.7
"1313","Jamaica",2001,"Developing",72.7,171,1,3.89,160.2382416,NA,0,42.5,1,99,5.34,99,2.2,3394.878,267711,2,1.8,0.68,10.9
"1314","Jamaica",2000,"Developing",72.6,171,1,3.46,24.82762854,NA,0,41.6,1,95,5.81,93,2.2,336.8742,2656864,2,1.9,0.682,11.4
"1326","Japan",2004,"Developed",82.1,68,3,7.7,6746.281299,NA,8752,23.8,4,97,8.3,99,0.1,37688.72234,127761,1.7,1.4,0.866,14.8
"1327","Japan",2003,"Developed",81.9,7,3,7.83,578.7254273,NA,8286,23.4,5,97,8,97,0.1,3488.3992,127718,1.7,1.4,0.863,14.8
"1328","Japan",2002,"Developed",81.8,7,3,7.87,5250.249188,NA,33812,22.9,5,89,7.85,96,0.1,32289.3554,127445,1.7,1.4,0.86,14.7
"1329","Japan",2001,"Developed",81.5,72,4,8.03,5486.51208,NA,22552,22.5,5,81,7.75,95,0.1,33846.46564,127149,1.7,1.4,0.856,14.6
"1330","Japan",2000,"Developed",81.1,74,4,7.97,5926.296654,NA,22497,22.2,5,98,7.53,85,0.1,38532.488,126843,1.6,1.4,0.852,14.5
"1342","Jordan",2004,"Developing",72.5,125,4,0.54,32.52523612,95,21,57,4,95,9.5,95,0.1,261.456882,5535595,3.9,3.8,0.723,13.5
"1343","Jordan",2003,"Developing",72.3,127,4,0.54,228.7838108,97,76,56.3,4,97,9.15,97,0.1,1889.213962,5396774,3.9,3.9,0.717,13.2
"1344","Jordan",2002,"Developing",72.1,129,4,0.54,259.1572375,95,19,55.5,4,95,9.68,95,0.1,1812.288374,5287488,3.9,3.9,0.712,13
"1345","Jordan",2001,"Developing",71.9,131,4,0.55,248.697463,97,61,54.8,4,97,9.9,99,0.1,1728.2659,5193482,4,3.9,0.706,12.7
"1346","Jordan",2000,"Developing",71.7,133,4,0.49,227.296617,93,32,54,4,94,9.65,91,0.1,1657.889256,51313,4,4,0.7,12.6
"1358","Kazakhstan",2004,"Developing",64.7,287,8,6.55,33.91660183,99,2204,45.8,9,99,3.95,82,0.1,2874.288291,1512985,2.5,2.6,0.725,13.5
"1359","Kazakhstan",2003,"Developing",64.4,282,8,6.58,23.43400762,99,24,45.3,9,99,3.7,99,0.1,268.123657,149918,2.5,2.6,0.714,13.1
"1360","Kazakhstan",2002,"Developing",64.7,276,8,5.99,145.1022528,95,18,44.8,9,95,3.61,95,0.1,1658.31146,14858948,2.6,2.6,0.7,12.7
"1361","Kazakhstan",2001,"Developing",64.4,284,8,5.75,12.60883976,95,94,44.4,10,95,3.47,95,0.1,149.926751,14858335,2.6,2.7,0.685,12.3
"1362","Kazakhstan",2000,"Developing",63.9,292,9,6,112.541157,99,245,43.9,10,96,4.16,97,0.1,1229.958,14883626,2.7,2.7,0.676,12.1
"1374","Kenya",2004,"Developing",53,432,72,1.43,36.29775249,73,20,15.9,112,73,4.29,73,13.2,458.8843551,3574931,8.7,8.6,0.461,8.9
"1375","Kenya",2003,"Developing",52.4,437,74,1.49,35.85204668,73,65,15.5,115,75,4.45,73,14.5,436.6875357,3413852,8.8,8.8,0.45,8.2
"1376","Kenya",2002,"Developing",52.1,437,76,1.66,32.73674134,84,766,15.1,118,83,4.54,84,15.7,395.8493511,332149,8.9,8.9,0.451,8.5
"1377","Kenya",2001,"Developing",51.9,434,77,1.63,3.847602867,NA,11304,14.7,120,77,4.62,8,16.9,41.7763612,32321482,9,9,0.447,8.4
"1378","Kenya",2000,"Developing",51.9,428,77,1.51,0.681685555,NA,21002,14.4,121,8,4.68,82,18.1,43.9797132,3145483,9.2,9.1,0.448,8.4
"1390","Kiribati",2004,"Developing",64.8,214,0,0.48,10.6242741,67,0,71.4,0,61,1.39,62,0.1,113.6286,9542,0.2,0.2,0,12.4
"1391","Kiribati",2003,"Developing",64.7,215,0,0.5,1.76541345,73,0,7.6,0,79,9.98,7,0.1,115.3865,88895,0.2,0.2,0,11.6
"1392","Kiribati",2002,"Developing",64.6,217,0,0.49,70.75572222,79,0,69.7,0,96,9.1,77,0.1,826.58554,87343,0.2,0.2,0,11.7
"1393","Kiribati",2001,"Developing",64.3,219,0,0.6,59.97185848,85,0,68.8,0,88,9,85,0.1,734.9492461,85858,0.2,0.2,0,10.4
"1394","Kiribati",2000,"Developing",64.1,222,0,0.46,11.07543331,9,0,67.9,0,9,8.12,9,0.1,796.7937634,8446,0.2,0.2,0,10
"1406","Kuwait",2004,"Developing",73.5,91,0,0.02,1731.073528,94,23,65.9,1,98,2.76,98,0.1,26921.8278,NA,3.2,3,0.791,14.4
"1407","Kuwait",2003,"Developing",73.4,93,0,0.03,159.0098727,99,0,65.5,1,99,3.23,99,0.1,2271.56961,NA,3.2,3,0.788,14.1
"1408","Kuwait",2002,"Developing",73.3,94,0,0.01,1209.680547,99,0,65,1,99,3.56,99,0.1,17789.41981,NA,3.2,3,0.785,13.9
"1409","Kuwait",2001,"Developing",73.2,95,0,0.01,113.1997845,99,0,64.5,1,99,3.61,99,0.1,1654.96761,NA,3.2,3,0.786,14
"1410","Kuwait",2000,"Developing",73.2,96,0,0.01,959.925862,95,6,64,1,94,2.51,98,0.1,18389.38433,NA,3.2,3.1,0.786,14.1
"1454","Latvia",2004,"Developed",71,26,0,8.81,80.0328375,98,0,56.6,0,99,6.51,99,0.1,6351.8125,2263122,2.5,2.6,0.776,15.5
"1455","Latvia",2003,"Developed",78,29,0,8.24,478.0644911,98,0,56.3,0,98,6.15,98,0.1,5134.95694,2287955,2.6,2.6,0.761,15.2
"1456","Latvia",2002,"Developed",73,219,0,7.44,376.4570185,98,0,56,0,98,6.29,97,0.1,4132.34927,231173,2.7,2.7,0.746,14.8
"1457","Latvia",2001,"Developed",69.9,228,0,6.68,332.2751709,96,1,55.7,0,97,6.17,97,0.1,3572.8513,233717,2.8,2.8,0.728,14.2
"1458","Latvia",2000,"Developed",71,218,0,7.13,291.0170765,95,0,55.4,0,96,6,96,0.1,3352.731296,236755,2.8,2.8,0.716,13.7
"1470","Lebanon",2004,"Developing",73.7,13,1,2.1,618.3614858,75,213,6.2,1,74,8.91,75,0.1,5424.22356,3863267,4.7,4.6,0,14.2
"1471","Lebanon",2003,"Developing",73.5,15,1,2.19,527.9176618,74,526,59.7,1,74,9.3,74,0.1,5425.6697,371464,4.8,4.7,0,14.8
"1472","Lebanon",2002,"Developing",73.2,17,1,1.98,70.13207838,77,36,59.1,1,77,1.5,77,0.1,5436.595223,3522837,4.8,4.7,0,15.2
"1473","Lebanon",2001,"Developing",73,11,1,2.19,510.6035166,8,8,58.6,1,8,1.9,8,0.1,5253.122599,3359859,4.9,4.7,0,15
"1474","Lebanon",2000,"Developing",72.7,112,1,2.26,404.3879434,83,5,57.9,1,83,1.86,83,0.1,5334.93329,3235366,4.9,4.8,0,14.9
"1486","Lesotho",2004,"Developing",44.8,666,5,1.8,67.91361818,6,31,26.9,7,89,6.96,9,34.6,781.5145936,1933728,9.7,9.7,0.439,10.7
"1487","Lesotho",2003,"Developing",45.5,648,5,1.99,5.300902041,17,1,26.4,7,9,7.13,9,33.8,63.636279,191897,1.2,1.1,0.44,10.5
"1488","Lesotho",2002,"Developing",46.4,622,5,2.95,3.53457351,NA,0,25.9,7,84,6.91,84,32.5,47.89395,192312,1.6,1.6,0.446,10.4
"1489","Lesotho",2001,"Developing",47.8,586,5,2.86,38.57187011,NA,217,25.4,7,78,7.53,78,31.2,437.819184,1885955,11.1,11.1,0.443,10.3
"1490","Lesotho",2000,"Developing",49.3,543,5,3.1,29.86616464,NA,660,24.9,7,82,6.92,83,29.8,474.8197876,1868699,11.5,11.6,0.445,9.6
"1502","Liberia",2004,"Developing",54,329,12,4.24,17.85870796,NA,4,21.5,17,47,8.77,31,3.2,149.4452549,3176414,8.5,8.5,0.335,10.2
"1503","Liberia",2003,"Developing",50,42,13,4.21,9.758449266,NA,142,21.1,18,49,3.44,35,3.2,133.494518,3116233,8.7,8.7,0.373,10.3
"1504","Liberia",2002,"Developing",56,371,13,4.27,10.424369,NA,131,2.7,19,51,5.43,39,3.1,177.285187,362863,8.8,8.9,0.376,10.4
"1505","Liberia",2001,"Developing",51.5,333,14,4.4,16.72142854,NA,1379,2.4,20,54,6.41,42,3.1,174.1815473,2991132,9,9,0.386,10.5
"1506","Liberia",2000,"Developing",51.9,39,14,4.46,12.19709744,NA,5977,2.2,20,56,5.91,46,3.1,183.4149991,2884522,9.2,9.2,0.338,8.7
"1518","Libya",2004,"Developing",71.5,141,2,0.01,31.80653288,99,2771,55.3,3,97,3.46,97,0.1,586.8364,NA,5.5,5.4,0.747,15.9
"1519","Libya",2003,"Developing",71.3,144,3,0.01,295.1166511,96,0,54.6,3,95,4.6,95,0.1,4676.96753,NA,5.6,5.4,0.74,16
"1520","Libya",2002,"Developing",71.1,146,3,0.01,29.13434871,91,3890,54,3,93,4.57,93,0.1,375.442638,NA,5.6,5.4,0.736,15.8
"1521","Libya",2001,"Developing",71,147,3,0.01,362.3817951,93,633,53.4,3,94,4.6,94,0.1,6269.58123,NA,5.6,5.5,0.732,15.7
"1522","Libya",2000,"Developing",78,148,3,0.01,457.3202236,92,0,52.8,3,94,3.41,94,0.1,7145.628494,NA,5.7,5.5,0.727,15.5
"1534","Lithuania",2004,"Developed",71.6,24,0,12.1,76.36187737,94,1,58.1,0,9,5.67,94,0.1,676.966998,337775,3.1,3.1,0.792,16.3
"1535","Lithuania",2003,"Developed",71.6,22,0,11.29,80.99710054,95,1,57.8,0,91,6.46,94,0.1,555.535669,3415213,3.2,3.2,0.78,15.8
"1536","Lithuania",2002,"Developed",71.4,22,0,11,561.9168642,94,103,57.5,0,97,6.4,95,0.1,4146.987928,344367,3.3,3.3,0.77,15.3
"1537","Lithuania",2001,"Developed",71.2,21,0,10.2,42.87208671,95,7,57.2,0,97,6.26,95,0.1,353.147337,347818,3.3,3.3,0.757,14.7
"1538","Lithuania",2000,"Developed",71.6,2,0,9.87,373.2605532,98,19,56.9,0,92,6.46,94,0.1,3297.35471,3499536,3.4,3.4,0.745,14
"1550","Luxembourg",2004,"Developed",78.7,92,0,12.42,12372.05188,94,0,56.4,0,99,8.2,99,0.1,75716.3518,45895,1,0.9,0.867,13.5
"1551","Luxembourg",2003,"Developed",78.6,92,0,12.61,10111.38928,95,1,55.8,0,99,7.67,98,0.1,65445.8853,45163,1,0.9,0.865,13.6
"1552","Luxembourg",2002,"Developed",78.3,95,0,12.91,910.5062778,95,0,55.2,0,99,8.27,99,0.1,5293.64115,446175,1,0.9,0.86,13.5
"1553","Luxembourg",2001,"Developed",78,96,0,12.89,7877.33656,86,0,54.6,0,99,7.4,99,0.1,48179.4285,441525,1,1,0.854,13.4
"1554","Luxembourg",2000,"Developed",77.8,98,0,13.14,8246.130437,77,0,54,0,99,7.48,99,0.1,48735.99549,4363,1,1,0.848,13.5
"1566","Madagascar",2004,"Developing",64,267,38,0.81,23.72796328,71,35558,15.4,58,74,4.89,78,0.6,245.1235876,1782997,8.2,8.1,0.466,8.7
"1567","Madagascar",2003,"Developing",59.9,268,40,0.93,37.12894787,61,62233,15,60,65,4.81,66,0.7,316.7998965,17279141,8.3,8.3,0.457,8.5
"1568","Madagascar",2002,"Developing",59.3,271,41,0.9,47.5262138,51,10795,14.7,63,61,5.29,62,0.7,262.2859481,16765117,8.5,8.4,0.462,8.3
"1569","Madagascar",2001,"Developing",58.7,276,42,1.05,42.56331585,NA,9357,14.3,65,6,5.17,6,0.7,278.555732,1626932,8.6,8.5,0.456,8.2
"1570","Madagascar",2000,"Developing",57.9,283,44,1.16,35.66125056,NA,35256,13.9,68,58,5.8,57,0.6,245.939659,1576686,8.7,8.6,0,8
"1582","Malawi",2004,"Developing",45.1,615,40,1.11,58.13583343,89,1116,15.5,65,94,7.82,89,23.4,274.2256294,1267638,7.5,7.4,0.366,10
"1583","Malawi",2003,"Developing",44.6,613,43,1.08,4.375316094,84,167,15.2,70,85,6.35,84,24.2,26.152517,12336687,7.6,7.5,0.362,10.3
"1584","Malawi",2002,"Developing",44,67,46,1.1,3.885394742,64,92,14.8,75,79,4.82,64,24.7,29.9798977,1213711,7.7,7.6,0.388,10.4
"1585","Malawi",2001,"Developing",43.5,599,48,1.15,12.79760626,NA,150,14.4,80,86,5.7,9,25.1,146.7615397,11695863,7.9,7.7,0.387,10.1
"1586","Malawi",2000,"Developing",43.1,588,51,1.18,13.76270195,NA,304,14.1,84,73,6.7,75,25.5,153.2594872,11376172,8,7.9,0.391,10.7
"1598","Malaysia",2004,"Developing",73.2,137,3,0.49,315.6639322,94,5729,29.8,4,95,3.74,95,0.1,4955.477743,2517419,9.2,8.9,0.731,12.7
"1599","Malaysia",2003,"Developing",73.1,138,3,0.48,264.2496129,95,632,28.8,4,96,3.95,96,0.1,4463.675893,2468873,9.3,9.1,0.724,12.1
"1600","Malaysia",2002,"Developing",72.9,14,4,0.49,216.7029481,95,408,27.9,4,94,3.4,94,0.1,4167.364387,24198811,9.5,9.3,0.723,12
"1601","Malaysia",2001,"Developing",72.7,144,4,0.53,210.2417002,95,2198,27,5,95,3.4,96,0.1,3915.11546,2369897,9.7,9.4,0.725,11.9
"1602","Malaysia",2000,"Developing",72.4,149,4,0.54,23.37167228,97,6187,26,5,98,3.4,98,0.1,445.17471,2318568,9.8,9.6,0.715,11.6
"1614","Maldives",2004,"Developing",73.4,16,0,1.6,611.9093566,97,37,17.3,0,96,5.89,96,0.1,3853.33348,312,14.5,14.6,0.617,12.2
"1615","Maldives",2003,"Developing",72.7,112,0,1.75,491.4978908,98,75,16.7,0,98,5.9,98,0.1,3432.247841,34,14.6,14.7,0.601,11.8
"1616","Maldives",2002,"Developing",71.8,124,0,1.95,4.299053392,98,926,16.2,0,98,5.78,98,0.1,32.37239,297,14.6,14.7,0.597,12
"1617","Maldives",2001,"Developing",78,129,0,1.98,41.30688803,98,0,15.6,0,97,5.84,98,0.1,298.67598,292,14.7,14.8,0.587,11.8
"1618","Maldives",2000,"Developing",69.6,139,0,1.83,300.1621026,96,20,15.2,0,98,8,98,0.1,2182.99711,286,14.8,14.8,0.577,11.3
"1630","Mali",2004,"Developing",52.8,296,58,0.49,57.11644801,73,172,17.5,103,7,6.28,69,2,439.3572924,1239196,1.1,1,0.333,5.5
"1631","Mali",2003,"Developing",52,299,59,0.54,6.660451777,79,232,17,106,67,6.25,63,2.2,391.791281,125128,1.3,1.2,0.318,5.2
"1632","Mali",2002,"Developing",51.2,31,60,0.53,3.67646576,NA,717,16.5,108,65,6.32,61,2.3,334.22416,11638929,1.5,1.5,0.308,4.9
"1633","Mali",2001,"Developing",55,34,60,0.51,4.395885717,NA,4464,16.1,110,56,6.39,49,2.4,36.8473237,11293258,1.8,1.7,0.297,4.6
"1634","Mali",2000,"Developing",49.8,37,60,0.47,23.94507124,NA,1578,15.6,111,53,6.29,43,2.5,269.3483829,196769,11,1.9,0.291,4.4
"1646","Malta",2004,"Developed",78.7,69,0,6.53,203.3157499,85,4,64.5,0,89,8.46,89,0.1,1519.5497,41268,0.7,0.7,0.797,14.2
"1647","Malta",2003,"Developed",78.5,71,0,6.7,1678.392773,89,4,63.9,0,94,8.6,94,0.1,13689.98999,398582,0.7,0.7,0.79,13.8
"1648","Malta",2002,"Developed",78.2,75,0,5.73,1552.740429,NA,7,63.4,0,95,7.86,95,0.1,11843.9392,395969,0.7,0.7,0.786,13.8
"1649","Malta",2001,"Developed",77.8,79,0,5.62,130.0150391,NA,2,62.8,0,95,7.11,95,0.1,1121.78636,39328,0.7,0.7,0.783,13.7
"1650","Malta",2000,"Developed",77.5,8,0,5.59,134.3547253,NA,2,62.3,0,94,6.83,94,0.1,1139.5651,3987,0.8,0.7,0.779,13.8
"1663","Mauritania",2004,"Developing",64,224,8,0.01,5.00378288,NA,5039,23.6,12,68,4.7,7,1.3,62.547286,342823,1,9.8,0.451,6.7
"1664","Mauritania",2003,"Developing",63,226,8,0.01,29.65370899,NA,3611,22.9,12,75,4.53,76,1.3,528.586613,2957117,1.3,1.1,0.447,6.6
"1665","Mauritania",2002,"Developing",62,228,7,0.02,4.113190741,NA,883,22.3,12,91,5.31,89,1.2,46.9542322,2873228,1.5,1.3,0.446,6.5
"1666","Mauritania",2001,"Developing",61,229,7,0.01,28.782245,NA,1398,21.7,12,75,4.34,75,1.2,464.229758,279729,1.7,1.5,0.444,6.5
"1667","Mauritania",2000,"Developing",60,23,7,0.03,8.594570232,NA,0,21.1,11,58,5.26,51,1.1,477.476124,279359,1.9,1.7,0.443,6.4
"1679","Mauritius",2004,"Developing",71.9,168,0,4.16,509.3899943,98,28,27.5,0,98,4.29,98,0.1,5229.876738,12213,7.8,7.7,0.696,12.8
"1680","Mauritius",2003,"Developing",71.5,174,0,4.08,407.779262,97,777,26.9,0,99,4.15,99,0.1,4623.347642,121337,7.9,7.8,0.687,12.6
"1681","Mauritius",2002,"Developing",71.5,179,0,4.14,369.6317105,88,0,26.4,0,88,4.24,88,0.1,3957.51296,124621,7.9,7.9,0.683,12.5
"1682","Mauritius",2001,"Developing",71.5,177,0,4.38,70.15536981,92,0,25.8,0,93,3.87,92,0.1,3792.182152,1196287,8,8,0.673,12.2
"1683","Mauritius",2000,"Developing",71,177,0,4.6,336.3213326,88,0,25.3,0,88,3.78,88,0.1,3861.32414,1186873,8.1,8.1,0.667,12.1
"1695","Mexico",2004,"Developing",75.4,124,44,4.9,920.8284115,98,64,55.7,52,98,6.11,98,0.1,7199.59665,16995583,1.8,1.8,0.714,12.1
"1696","Mexico",2003,"Developing",75,127,46,4.88,781.2062828,98,44,54.9,55,98,6.2,98,0.1,6751.998987,1564453,1.9,1.8,0.708,11.9
"1697","Mexico",2002,"Developing",75,127,49,4.77,12.1859723,97,0,54.1,58,98,5.52,97,0.1,716.8219,1435568,1.9,1.8,0.703,11.6
"1698","Mexico",2001,"Developing",75,126,52,4.86,13.31109532,97,3,53.2,62,97,5.35,97,0.1,731.378864,136768,1.9,1.9,0.7,11.6
"1699","Mexico",2000,"Developing",74.8,129,55,4.99,10.22840118,97,30,52.4,66,97,4.98,97,0.1,672.92113,11719673,2,1.9,0.694,11.4
"1728","Mongolia",2004,"Developing",64,284,2,1.75,73.24150483,98,0,41.3,2,99,5.99,99,0.1,797.8377432,2496832,2.3,2.4,0.621,11.2
"1729","Mongolia",2003,"Developing",64,271,2,1.31,56.05686428,98,18,4.5,2,98,6.18,98,0.1,646.561295,2469286,2.4,2.5,0.609,10.5
"1730","Mongolia",2002,"Developing",63.8,263,2,2.43,55.60878216,98,1205,39.8,2,98,5.81,98,0.1,571.51883,2443659,2.4,2.5,0.599,10.1
"1731","Mongolia",2001,"Developing",63.2,266,2,2.87,61.84921903,95,10677,39.1,3,95,5.45,95,0.1,524.145924,2419776,2.5,2.6,0.588,9.4
"1732","Mongolia",2000,"Developing",62.8,274,2,2.79,56.431387,93,925,38.5,3,94,4.92,94,0.1,474.2133361,2397436,2.6,2.6,0.582,8.9
"1760","Morocco",2004,"Developing",72,142,23,0.56,100.3638322,95,6399,48.2,27,97,5.22,97,0.1,1948.812275,3179285,6.5,6.4,0.561,9.6
"1761","Morocco",2003,"Developing",69.9,146,24,0.58,88.16506179,9,10841,47.3,28,91,5.25,91,0.1,1721.973863,29843937,6.6,6.4,0.551,9.3
"1762","Morocco",2002,"Developing",69.5,15,25,0.46,66.72933871,92,6000,46.5,29,94,5.31,94,0.1,1413.757176,29512368,6.6,6.5,0.54,8.8
"1763","Morocco",2001,"Developing",69,155,26,0.46,71.11645,84,2724,45.7,30,93,4.44,96,0.1,1336.775376,29181832,6.7,6.5,0.53,8.5
"1764","Morocco",2000,"Developing",68.6,16,27,0.45,63.42140024,43,7368,44.8,32,95,4.18,95,0.1,1332.382358,28849621,6.7,6.6,0.519,8
"1776","Mozambique",2004,"Developing",54,429,82,1.54,46.58195631,76,9396,18.1,120,69,5.91,83,15.9,336.3318145,231275,3.9,3.8,0.332,7
"1777","Mozambique",2003,"Developing",51,424,85,1.68,42.52689559,76,28898,17.7,124,67,6.39,85,15.3,283.8911588,19716598,4,3.9,0.318,6.7
"1778","Mozambique",2002,"Developing",49.8,416,87,2.16,40.82597077,76,7155,17.3,127,76,6.45,76,14.5,262.884551,19139658,4,4,0.311,6.2
"1779","Mozambique",2001,"Developing",49.5,48,90,2.09,37.82511936,25,7085,16.9,132,72,5.64,73,13.4,256.4414872,18588758,4.1,4,0.298,5.8
"1780","Mozambique",2000,"Developing",49,43,93,1.14,47.17250718,NA,7375,16.5,136,69,6.16,7,12.2,277.6486591,1867687,4.2,4.1,0.291,5.4
"1792","Myanmar",2004,"Developing",63.5,228,66,0.44,4.15451614,39,1329,15.7,90,92,1.97,82,0.5,219.8156688,487377,13.3,13.6,0.455,7.8
"1793","Myanmar",2003,"Developing",63.2,231,69,0.4,3.824212472,8,830,15.2,93,86,1.97,78,0.5,219.782326,47624894,13.3,13.6,0.445,7.7
"1794","Myanmar",2002,"Developing",62.8,235,71,0.41,3.421880938,NA,736,14.6,96,84,2.5,79,0.4,143.77651,471422,13.3,13.7,0.435,7.6
"1795","Myanmar",2001,"Developing",62.5,239,72,0.38,1.917164,NA,2519,14.1,98,77,1.8,73,0.4,138.9249275,46627994,13.3,13.7,0.427,7.6
"1796","Myanmar",2000,"Developing",62.1,243,73,0.35,2.511437292,NA,845,13.6,100,88,1.84,82,0.4,193.187484,4695462,13.3,13.7,0.417,7.5
"1808","Namibia",2004,"Developing",54.7,483,3,4.8,368.2848258,NA,4,27.2,4,81,6.47,81,24,3288.257373,29228,13.7,13.7,0.559,11.7
"1809","Namibia",2003,"Developing",55,471,3,5.28,294.6571552,NA,262,26.5,4,82,6.52,79,24.7,2482.36862,1986535,14.2,14.3,0.554,11.7
"1810","Namibia",2002,"Developing",55.7,452,3,5.09,203.7322893,NA,1278,25.8,4,78,6.17,77,24.6,1713.47594,1962147,14.7,14.8,0.556,11.8
"1811","Namibia",2001,"Developing",56.5,426,3,5.09,205.8078833,NA,416,25.1,4,79,6.18,78,23.9,1834.29486,1933596,15.2,15.4,0.556,11.7
"1812","Namibia",2000,"Developing",57.4,41,3,5.73,35.80978512,NA,469,24.5,4,8,6.11,79,22.8,257.99557,1899257,15.7,15.9,0.559,11.5
"1825","Nepal",2004,"Developing",64.7,218,35,0.21,31.93187316,27,12074,13.4,47,8,5.82,8,0.2,287.4156,2539449,17.8,18.4,0.463,9.3
"1826","Nepal",2003,"Developing",64.3,22,38,0.2,2.79096532,2,13344,12.9,50,76,5.48,78,0.1,253.72412,2495623,18,18.6,0.457,9.2
"1827","Nepal",2002,"Developing",63.1,238,40,0.19,23.18394594,NA,6749,12.4,54,72,5.6,72,0.1,246.375621,24566342,18.2,18.8,0.447,8.6
"1828","Nepal",2001,"Developing",63.2,23,43,0.09,21.92813881,NA,10849,11.9,58,73,5.36,72,0.1,248.6183539,24161777,18.3,19,0.446,9
"1829","Nepal",2000,"Developing",62.5,238,46,0.08,17.9123368,NA,9397,11.4,62,74,5.43,74,0.1,231.42554,2374911,18.5,19.2,0.439,8.9
"1841","Netherlands",2004,"Developed",79.2,77,1,9.56,5170.130703,NA,11,55,1,98,8.52,98,0.1,39954.64222,16281779,1,1,0.885,16.5
"1842","Netherlands",2003,"Developed",78.7,8,1,9.56,4472.6114,NA,4,54.2,1,98,8.46,98,0.1,35245.1647,1622532,1.1,1,0.881,16.5
"1843","Netherlands",2002,"Developed",78.4,81,1,9.68,3455.197053,NA,3,53.4,1,97,8.34,97,0.1,28817.32321,16148929,1.1,1,0.882,16.9
"1844","Netherlands",2001,"Developed",78.3,82,1,9.95,3054.515582,NA,0,52.6,1,97,7.79,97,0.1,26584.12169,164618,1.1,1.1,0.878,16.7
"1845","Netherlands",2000,"Developed",78.1,84,1,10.06,2944.640134,NA,1019,51.8,1,97,7.42,97,0.1,25921.12794,15925513,1.1,1.1,0.873,16.5
"1857","New Zealand",2004,"Developed",79.2,79,0,9.15,442.3774869,88,33,61.5,0,87,7.89,89,0.1,2542.39935,NA,0.3,0.3,0.884,18.4
"1858","New Zealand",2003,"Developed",79.1,82,0,8.91,3661.792922,89,66,6.9,0,86,7.71,9,0.1,21913.7817,NA,0.3,0.3,0.881,18.2
"1859","New Zealand",2002,"Developed",78.7,83,0,9.13,2892.257132,89,21,6.3,0,84,7.89,9,0.1,16874.31232,NA,0.3,0.3,0.873,17.5
"1860","New Zealand",2001,"Developed",78.5,83,0,8.75,2205.98595,9,65,59.6,0,82,7.58,9,0.1,13882.85683,NA,0.3,0.3,0.868,17.4
"1861","New Zealand",2000,"Developed",78.6,87,0,8.91,2143.021083,9,65,58.9,0,82,7.47,9,0.1,13641.1272,NA,0.3,0.3,0.864,17.2
"1873","Nicaragua",2004,"Developing",71,194,4,3.81,36.81621175,79,0,45.7,4,8,6.13,79,0.3,191.55157,53973,2.1,2,0.587,11
"1874","Nicaragua",2003,"Developing",76,198,4,3.77,2.542436908,86,0,44.9,5,86,6.12,86,0.3,115.565314,524879,2.1,2,0.583,11
"1875","Nicaragua",2002,"Developing",75,197,4,3.5,2.092343893,85,0,44.2,5,85,5.71,85,0.4,11.147277,5171734,2.2,2.1,0.577,10.7
"1876","Nicaragua",2001,"Developing",73,193,4,3.51,22.35595448,87,0,43.5,5,89,5.26,87,0.4,143.6758,5175,2.2,2.1,0.57,10.4
"1877","Nicaragua",2000,"Developing",73,192,4,3.61,15.25518816,83,0,42.8,5,85,5.39,83,0.4,116.2743,526796,2.2,2.1,0.562,10.1
"1889","Niger",2004,"Developing",52.9,279,56,0.11,20.86118432,NA,63057,15,118,45,6.61,43,1.6,232.5661574,1312712,12.1,12,0.27,3.1
"1890","Niger",2003,"Developing",52.1,28,56,0.1,20.26876572,NA,54190,14.6,121,44,6.23,41,1.6,215.8548,1265687,12.3,12.2,0.266,3
"1891","Niger",2002,"Developing",51.4,282,57,0.1,17.58722718,NA,31584,14.3,124,43,6.55,39,1.6,177.828384,12262,12.5,12.5,0.261,2.9
"1892","Niger",2001,"Developing",56,283,57,0.11,1.817829717,NA,61208,13.9,127,42,7.1,36,1.6,165.257247,11771976,12.7,12.7,0.255,2.9
"1893","Niger",2000,"Developing",50,284,58,0.1,13.35783844,NA,21319,13.6,128,41,6.1,34,1.5,158.455972,11352973,12.8,12.9,0.253,2.8
"1905","Nigeria",2004,"Developing",48.5,47,563,9.76,57.22555815,NA,31521,18.8,907,43,4.33,33,5.4,648.815852,135393616,13.2,13.2,0.445,8.5
"1906","Nigeria",2003,"Developing",48.1,41,567,9.75,30.19550849,NA,141258,18.3,918,42,4.5,29,5.4,512.65719,131972533,13.5,13.6,0,8.1
"1907","Nigeria",2002,"Developing",47.7,49,571,9.61,17.137754,NA,42007,17.8,928,4,2.43,25,5.3,459.4572117,12866671,13.8,13.8,0,7.7
"1908","Nigeria",2001,"Developing",47.4,48,574,9.58,15.830985,NA,168107,17.3,936,36,3.25,27,5.1,351.7996666,125463434,14.1,14.1,0,8
"1909","Nigeria",2000,"Developing",47.1,45,576,9.23,22.48177606,NA,212183,16.9,943,31,2.84,29,4.9,379.1193264,1223529,14.3,14.4,0,7.6
"1922","Norway",2004,"Developed",79.8,77,0,6.22,1009.825011,NA,7,55.9,0,92,9.44,92,0.1,5757.26916,459191,0.8,0.7,0.924,17.5
"1923","Norway",2003,"Developed",79.4,78,0,6.04,880.7380617,NA,8,55.3,0,92,9.85,92,0.1,5111.65445,4564855,0.8,0.7,0.918,17.1
"1924","Norway",2002,"Developed",78.9,81,0,5.89,749.6823382,NA,5,54.6,0,93,9.62,93,0.1,4361.1538,4538159,0.8,0.7,0.916,17.1
"1925","Norway",2001,"Developed",78.8,82,0,5.49,6356.827282,NA,4,54,0,91,8.65,91,0.1,38549.58934,4513751,0.8,0.7,0.917,17.5
"1926","Norway",2000,"Developed",78.5,85,0,5.67,6191.211908,NA,0,53.3,0,91,8.27,9,0.1,38146.71539,449967,0.8,0.7,0.911,17.1
"1938","Oman",2004,"Developing",74,122,1,0.61,70.46762486,99,18,48.9,1,99,2.98,99,0.1,1129.28886,NA,7.1,6.8,0.734,11.5
"1939","Oman",2003,"Developing",73.6,127,1,0.56,65.65631302,99,1,48.1,1,99,3.17,99,0.1,969.8126,NA,7.1,6.8,0.725,11.2
"1940","Oman",2002,"Developing",73.3,13,1,0.54,585.9170945,99,5,47.3,1,99,3.18,99,0.1,8629.11774,NA,7.1,6.8,0.716,11
"1941","Oman",2001,"Developing",72.9,134,1,0.55,564.5425663,99,15,46.5,1,99,3.8,99,0.1,8476.61511,NA,7.1,6.9,0.705,10.7
"1942","Oman",2000,"Developing",72.6,138,1,0.38,62.86657508,99,15,45.9,1,99,3.7,99,0.1,861.18596,NA,7.2,6.9,0,10.4
"1954","Pakistan",2004,"Developing",63.7,183,364,0.01,28.98323119,65,4248,18.4,461,65,2.56,65,0.1,649.848233,15783,21.4,21.8,0.474,5.6
"1955","Pakistan",2003,"Developing",63.5,185,366,0.01,24.23455671,63,4740,17.9,466,69,2.61,67,0.1,563.594342,1477341,21.6,22,0.465,5.6
"1956","Pakistan",2002,"Developing",63.2,187,371,0.01,22.39387584,NA,3903,17.4,474,71,2.76,68,0.1,499.8633,144654143,21.8,22.2,0.457,5.5
"1957","Pakistan",2001,"Developing",63,189,377,0.01,1.766663097,NA,3849,16.9,483,68,2.61,65,0.1,51.6568157,14161437,22,22.4,0.45,5.4
"1958","Pakistan",2000,"Developing",62.8,19,385,0.02,18.84534312,NA,2064,16.4,495,65,2.79,62,0.1,533.8624114,138523285,22.2,22.6,0.445,5.3
"1971","Panama",2004,"Developing",75.8,123,1,5.69,527.60848,95,0,49.5,2,92,8.9,95,0.2,4591.892776,3269541,2.2,2.1,0.733,12.8
"1972","Panama",2003,"Developing",75.5,126,1,5.52,58.45976019,98,0,48.6,2,95,7.6,98,0.1,4267.13578,329174,2.2,2.2,0.728,12.8
"1973","Panama",2002,"Developing",75.7,125,1,5.52,78.80940216,98,0,47.8,2,99,8.3,99,0.2,4126.14671,3149265,2.3,2.2,0.725,12.6
"1974","Panama",2001,"Developing",75.5,124,2,5.43,7.320514461,98,0,46.9,2,95,7.72,99,0.1,446.372833,389684,2.3,2.3,0.721,12.4
"1975","Panama",2000,"Developing",75.7,121,2,5.58,9.87102142,NA,0,45.9,2,99,7.76,98,0.2,46.29935,33347,2.4,2.3,0.716,12.1
"1987","Papua New Guinea",2004,"Developing",59.9,314,11,0.58,158.001946,6,1385,4.4,15,59,8.39,62,1.5,637.3616215,6161517,1.5,1.4,0.439,7.6
"1988","Papua New Guinea",2003,"Developing",59.6,321,11,0.59,124.3789361,67,3863,39.6,14,62,6.79,68,1.4,588.3582595,61724,1.5,1.4,0.433,7.2
"1989","Papua New Guinea",2002,"Developing",59.3,327,11,0.61,110.9803062,6,17620,38.9,14,54,7.69,61,1.4,511.665773,5862316,1.5,1.5,0.428,6.9
"1990","Papua New Guinea",2001,"Developing",59.1,331,11,0.68,93.37278497,59,4023,38.2,14,52,6.68,55,1.3,539.41528,5716152,1.5,1.5,0.422,6.6
"1991","Papua New Guinea",2000,"Developing",58.9,335,11,0.73,62.56273841,57,7135,37.5,14,51,3.98,59,1.1,631.9468526,5572222,1.6,1.5,0.418,6.2
"2003","Paraguay",2004,"Developing",71.9,165,3,6.2,20.60083027,9,0,42,4,92,5.78,92,0.2,148.527976,57374,2.3,2.2,0.639,12.1
"2004","Paraguay",2003,"Developing",71.7,166,4,6.64,155.4233076,86,0,41.3,4,86,5.99,86,0.1,1174.779347,56795,2.4,2.3,0.642,12.7
"2005","Paraguay",2002,"Developing",71.5,168,4,5.66,152.8293973,NA,0,4.6,4,87,6.77,87,0.1,1148.229882,558611,2.4,2.3,0.632,12.2
"2006","Paraguay",2001,"Developing",71.2,17,4,6.66,233.8488603,NA,0,39.8,5,9,7.61,89,0.1,1417.26582,546624,2.5,2.4,0.624,11.8
"2007","Paraguay",2000,"Developing",79,172,4,6.78,273.5758769,NA,0,39.1,5,86,8.1,86,0.1,1545.626423,5327,2.5,2.4,0.625,11.6
"2019","Peru",2004,"Developing",72.2,151,14,4.27,356.9393805,92,0,48.1,18,81,4.56,86,0.4,2448.143899,27273194,1.3,1.3,0.685,12.8
"2020","Peru",2003,"Developing",72.1,152,15,4.5,34.70333523,65,0,47.4,19,95,4.6,94,0.4,218.25997,26937738,1.3,1.3,0.686,13.3
"2021","Peru",2002,"Developing",72.6,144,16,4.03,40.53777863,NA,0,46.7,20,95,4.94,95,0.4,259.192958,2661467,1.4,1.4,0.686,13.9
"2022","Peru",2001,"Developing",72.4,142,17,4.22,302.5359058,NA,0,46.1,22,9,4.98,9,0.5,1981.243653,26261363,1.4,1.4,0.677,13.4
"2023","Peru",2000,"Developing",71.4,154,18,4.59,297.5112337,NA,1,45.4,24,93,4.83,98,0.5,1996.719689,25914879,1.4,1.4,0.674,13.5
"2035","Philippines",2004,"Developing",67.3,218,66,4.45,13.39905105,48,3025,19.6,86,85,3.23,88,0.1,179.3715,84678493,1,9.7,0.636,11.6
"2036","Philippines",2003,"Developing",67.2,217,67,4.44,0.901149288,52,10511,19.2,87,85,3.25,84,0.1,11.553196,8331954,1,9.7,0.631,11.6
"2037","Philippines",2002,"Developing",66.8,221,68,4.42,0.09987219,42,7003,18.7,89,77,2.79,79,0.1,1.68135,813526,1,9.7,0.625,11.4
"2038","Philippines",2001,"Developing",66.8,221,68,4.54,69.0204245,45,7360,18.3,89,76,3,79,0.1,957.287441,79665315,1,9.7,0.622,11.4
"2039","Philippines",2000,"Developing",66.8,219,69,4.73,11.69704463,7,7120,17.8,90,74,3.21,78,0.1,138.91977,77991569,1,9.6,0.618,11.4
"2051","Poland",2004,"Developed",74.9,143,2,9.19,648.0743453,98,11,55,3,99,6.19,99,0.1,6681.178818,38182222,2.4,2.5,0.8,15.5
"2052","Poland",2003,"Developed",74.7,142,3,9.06,542.0235,97,48,54.5,3,98,6.22,99,0.1,5693.52416,382457,2.4,2.6,0.796,15.3
"2053","Poland",2002,"Developed",74.5,145,3,8.02,516.0554391,98,34,54,3,98,6.32,99,0.1,5196.932921,3823364,2.5,2.6,0.79,15
"2054","Poland",2001,"Developed",74.2,149,3,7.74,466.7383106,95,133,53.6,3,98,5.86,98,0.1,4981.198619,3824876,2.5,2.7,0.784,14.7
"2055","Poland",2000,"Developed",73.7,153,3,8.4,412.4323974,99,77,53.1,4,98,5.5,98,0.1,4492.72764,38258629,2.5,2.8,0.777,14.6
"2067","Portugal",2004,"Developed",78,99,0,13.45,276.0999798,94,5,53.3,1,95,9.84,95,0.1,1845.5881,1483861,0.7,0.6,0.792,15.9
"2068","Portugal",2003,"Developed",77.3,15,0,14.21,2283.891796,94,8,52.5,1,96,9.54,99,0.1,15772.7334,1458821,0.7,0.6,0.789,15.8
"2069","Portugal",2002,"Developed",77.2,17,1,12,1904.00231,82,8,51.7,1,96,9.15,98,0.1,12882.28897,1419631,0.8,0.6,0.788,15.9
"2070","Portugal",2001,"Developed",76.9,11,1,12.22,1657.328352,7,0,5.9,1,96,9.1,97,0.1,11729.14616,1362722,0.8,0.6,0.782,15.7
"2071","Portugal",2000,"Developed",76.6,11,1,11.89,167.3280168,58,45,5.1,1,96,9.14,96,0.1,1152.39681,1289898,0.8,0.6,0.777,15.5
"2083","Qatar",2004,"Developing",76.6,84,0,1.11,4064.743869,97,29,65,0,95,3.61,96,0.1,41818.35256,NA,4.8,4.5,0.826,13.5
"2084","Qatar",2003,"Developing",76.5,85,0,1,4049.972347,93,24,64.7,0,93,4.14,92,0.1,34176.98183,NA,4.8,4.5,0.815,12.8
"2085","Qatar",2002,"Developing",76.4,85,0,0.87,188.6782945,98,34,64.1,0,96,2.71,96,0.1,2999.65492,NA,4.8,4.5,0.807,12.2
"2086","Qatar",2001,"Developing",76.3,87,0,0.76,170.0494537,93,23,63.3,0,93,2.56,93,0.1,2843.63635,NA,4.8,4.5,0.809,12.6
"2087","Qatar",2000,"Developing",76.2,88,0,0.5,1559.287158,89,46,62.4,0,91,2.18,8,0.1,29986.2915,NA,4.8,4.5,0.808,13
"2131","Romania",2004,"Developed",71.7,165,4,9.82,431.3250367,99,117,53.4,4,97,5.43,97,0.1,3552.92452,21451748,3.4,3.9,0.733,12.9
"2132","Romania",2003,"Developed",71.1,174,4,8.78,375.1740323,98,9,52.9,4,97,5.3,97,0.1,2774.95586,21574326,3.5,4,0.722,12.5
"2133","Romania",2002,"Developed",77,178,4,9.62,37.82275031,99,14,52.4,5,98,4.57,98,0.1,2124.873613,2173496,3.7,4.1,0.714,12
"2134","Romania",2001,"Developed",78,179,4,9.78,180.1095132,98,10,51.9,5,99,4.36,99,0.1,1839.72945,2213197,3.8,4.2,0.708,11.7
"2135","Romania",2000,"Developed",77,175,4,10.16,152.6368899,98,35,51.4,5,99,4.33,99,0.1,1668.162731,22442971,4,4.3,0.703,11.5
"2147","Russian Federation",2004,"Developing",64.9,321,19,11.5,46.51559476,96,2444,55,21,98,5.19,97,0.3,412.372294,1446754,2.5,2.8,0.741,13.6
"2148","Russian Federation",2003,"Developing",64.6,322,20,11.32,333.2148711,94,3291,54.7,22,97,5.61,96,0.4,2975.132778,144648257,2.6,2.8,0.733,13.2
"2149","Russian Federation",2002,"Developing",64.8,313,20,10.87,266.5416917,81,580,54.5,24,97,5.99,97,0.3,2375.5944,1453646,2.7,2.9,0.727,12.8
"2150","Russian Federation",2001,"Developing",65.1,38,21,10.47,2.642527148,43,2072,54.2,25,97,5.67,96,0.3,21.362386,14597683,2.8,3,0.72,12.5
"2151","Russian Federation",2000,"Developing",65,37,22,10.18,224.4600248,NA,4800,54,26,97,5.42,96,0.2,1771.58662,146596557,2.9,3,0.709,12.1
"2163","Rwanda",2004,"Developing",53.4,397,26,6.75,31.93566186,89,386,14.9,42,89,6.24,89,7.7,236.9114381,8818438,6.9,7.1,0.371,8.2
"2164","Rwanda",2003,"Developing",52,48,29,6.66,33.30286123,96,1064,14.5,46,96,6.34,96,8.1,212.6619491,868346,7,7.3,0.359,7.6
"2165","Rwanda",2002,"Developing",57,415,31,7.82,1.9659778,88,2738,14.1,50,85,4.18,88,8,196.59778,853625,7.2,7.4,0.343,7.2
"2166","Rwanda",2001,"Developing",48.6,438,33,5.72,0.388253772,NA,896,13.7,54,76,4.38,77,8.1,21.569654,832946,7.4,7.5,0.332,7.1
"2167","Rwanda",2000,"Developing",48.3,426,34,7.13,18.41791804,NA,2095,13.2,57,9,4.22,9,8.5,216.172747,82573,7.6,7.7,0.318,6.6
"2212","Samoa",2004,"Developing",71.4,162,0,3.62,310.6117683,54,0,68.9,0,26,4.45,55,0.1,2351.33814,178781,0.2,0.2,0.665,12.4
"2213","Samoa",2003,"Developing",79,169,0,4.17,24.99717134,83,0,68.2,0,82,4.71,83,0.1,197.29417,177662,0.2,0.2,0.659,12.3
"2214","Samoa",2002,"Developing",76,174,0,3.3,208.1688437,86,0,67.4,0,85,5.1,86,0.1,1631.41727,176582,0.2,0.2,0.653,12.1
"2215","Samoa",2001,"Developing",75,175,0,3.43,199.4118322,89,0,66.5,0,83,5.16,85,0.1,1555.47451,175566,0.2,0.2,0.645,12
"2216","Samoa",2000,"Developing",72,18,0,3,21.2543002,89,0,65.6,0,94,5.31,95,0.1,154.68923,17461,0.2,0.2,0.64,12.1
"2229","Sao Tome and Principe",2004,"Developing",63.8,224,0,5.78,9.013493879,7,0,22.8,0,99,9.94,96,1.6,693.345683,151969,7.2,7.2,0.509,9.8
"2230","Sao Tome and Principe",2003,"Developing",63.4,225,0,6.54,86.42744056,43,0,22.2,0,94,11.12,94,1.6,649.342153,148372,7.4,7.4,0.504,9.7
"2231","Sao Tome and Principe",2002,"Developing",63.1,226,0,5.8,50.80181435,NA,0,21.7,0,92,1.21,92,1.4,555.8185378,144889,7.6,7.6,0.501,9.6
"2232","Sao Tome and Principe",2001,"Developing",62.8,225,0,5.02,3.841228575,NA,0,21.1,0,9,1.28,92,1.5,51.216381,141622,7.8,7.8,0.497,9.4
"2245","Saudi Arabia",2004,"Developing",73.1,12,9,0.06,816.4795082,96,1880,59.4,11,96,3.58,96,0.1,11138.8746,NA,7.2,7.3,0.754,12.3
"2246","Saudi Arabia",2003,"Developing",73,13,9,0.05,832.3688708,95,1208,58.5,11,95,4.2,95,0.1,9567.458285,NA,7.2,7.3,0.747,12.2
"2247","Saudi Arabia",2002,"Developing",72.9,15,10,0.05,688.0972667,97,311,57.7,11,95,4.28,95,0.1,8655.311531,NA,7.3,7.3,0.745,12.1
"2248","Saudi Arabia",2001,"Developing",72.8,17,10,0.05,710.4952397,95,155,56.9,12,97,4.49,97,0.1,8643.4944,NA,7.3,7.3,0.742,12
"2249","Saudi Arabia",2000,"Developing",72.6,11,10,0.05,782.1799815,93,0,56.2,12,95,4.24,95,0.1,9126.954277,NA,7.3,7.4,0.737,11.8
"2261","Senegal",2004,"Developing",59.7,247,24,0.35,66.02236299,54,31,19.1,42,87,5.68,87,0.7,733.581811,1955944,11.6,11.5,0.408,6.2
"2262","Senegal",2003,"Developing",59,251,25,0.33,62.21977893,NA,1519,18.7,44,73,5.4,73,0.7,642.7663113,16799,11.8,11.7,0.401,5.9
"2263","Senegal",2002,"Developing",58.4,252,25,0.36,49.73511396,NA,18184,18.3,47,6,5.6,6,0.7,513.26227,1396861,12,11.9,0.397,5.7
"2264","Senegal",2001,"Developing",57.9,251,26,0.34,6.064221202,NA,24789,17.9,49,49,4.98,52,0.6,481.287397,1134497,12.1,12.1,0.381,5.4
"2265","Senegal",2000,"Developing",57.5,25,27,0.29,5.397368532,NA,5839,17.5,50,49,4.63,52,0.5,473.45338,988452,12.3,12.3,0.378,5.2
"2277","Serbia",2004,"Developing",73,134,1,7.42,462.7076756,89,11,53.3,1,96,8.24,88,0.1,3331.228766,7463157,2.6,2.6,0.72,13.1
"2278","Serbia",2003,"Developing",73,134,1,7.25,389.7515212,NA,15,52.8,1,89,8.13,89,0.1,2832.49652,748591,2.7,2.7,0.715,13
"2279","Serbia",2002,"Developing",72.9,133,1,6.95,292.6142378,NA,63,52.2,1,95,8.9,95,0.1,2149.9944,7496522,2.7,2.8,0.715,13.2
"2280","Serbia",2001,"Developing",73.1,135,1,7.53,222.5065705,NA,35,51.7,1,93,6.89,93,0.1,1634.87561,753433,2.8,2.8,0.709,13.1
"2281","Serbia",2000,"Developing",72.6,141,1,7.38,11.85928108,NA,38,51.2,2,98,6.53,95,0.1,87.1365252,7516346,2.8,2.9,0.702,13
"2293","Seychelles",2004,"Developing",72.1,186,0,7.91,12.94324581,99,0,29.2,0,99,4.17,99,0.1,1176.65871,82475,6,6.4,0.715,12.3
"2294","Seychelles",2003,"Developing",72.1,185,0,7.41,843.1186662,99,0,28.7,0,99,4.64,99,0.1,8524.961236,82781,6.1,6.5,0.713,12.1
"2295","Seychelles",2002,"Developing",72.1,186,0,11.15,562.3601848,99,0,28.1,0,99,4.21,99,0.1,8331.261997,83723,6.1,6.6,0.712,12.1
"2296","Seychelles",2001,"Developing",72,187,0,6.72,643.7035752,96,0,27.6,0,96,4.45,96,0.1,7663.1378,8122,6.2,6.6,0.714,12.2
"2297","Seychelles",2000,"Developing",71.8,188,0,8.24,601.7608115,98,0,27.1,0,98,4.62,98,0.1,7578.85153,81131,6.3,6.7,0,12.3
"2309","Sierra Leone",2004,"Developing",42.3,496,30,3.99,38.52454761,NA,7,18.8,47,69,11.66,65,2.1,263.145817,5439695,9.5,9.5,0.332,7.6
"2310","Sierra Leone",2003,"Developing",41.5,57,30,4.07,38.61473209,NA,586,18.4,47,66,11.69,73,1.9,263.7618312,5199549,9.7,9.8,0.322,7.4
"2311","Sierra Leone",2002,"Developing",48,513,30,4.06,36.59114895,NA,568,17.9,48,54,11.96,53,1.7,249.939542,4957216,9.9,1,0.306,7.2
"2312","Sierra Leone",2001,"Developing",41,519,30,4.21,33.34691455,NA,649,17.5,48,38,11.83,38,1.5,227.779471,4739147,1.1,1.2,0.302,7
"2313","Sierra Leone",2000,"Developing",39,533,29,3.97,20.39568283,NA,3575,17.2,48,46,13.63,44,1.2,139.3147734,4564297,1.3,1.4,0.292,6.7
"2325","Singapore",2004,"Developed",79.7,71,0,1.45,204.2481892,94,96,29.9,0,95,3.17,95,0.1,2745.27136,NA,2.1,2,0.82,12.7
"2326","Singapore",2003,"Developed",79.3,73,0,1.43,2263.068326,95,33,29.6,0,96,3.63,96,0.1,23573.6284,NA,2.1,2,0.819,12.7
"2327","Singapore",2002,"Developed",79,74,0,2.16,142.0989818,95,211,29.2,0,94,2.84,94,0.1,2216.83279,NA,2.1,2,0.818,12.6
"2328","Singapore",2001,"Developed",78.7,76,0,2.08,1003.366877,95,408,28.9,0,95,2.37,96,0.1,21577.7823,NA,2.1,2,0.82,12.7
"2329","Singapore",2000,"Developed",78.3,78,0,2.03,1855.828806,97,141,28.5,0,98,2.71,98,0.1,23792.677,NA,2.1,2,0.81,12.5
"2357","Slovenia",2004,"Developed",77.2,113,0,10,235.3785281,NA,0,53.5,0,94,8.47,94,0.1,1726.9151,199712,2,2,0.85,16.6
"2358","Slovenia",2003,"Developed",76.5,119,0,11.58,203.3252124,NA,0,52.9,0,95,8.77,95,0.1,1488.47154,1995733,2,2.1,0.843,16.1
"2359","Slovenia",2002,"Developed",76.6,117,0,9.29,1617.473418,NA,0,52.3,0,93,8.62,93,0.1,11814.9994,199453,2.1,2.2,0.835,15.6
"2360","Slovenia",2001,"Developed",76.2,124,0,10.8,196.3026243,NA,0,51.8,0,93,8.57,92,0.1,1479.29634,19926,2.2,2.2,0.824,14.7
"2361","Slovenia",2000,"Developed",76,122,0,11.9,161.4473853,NA,0,51.2,0,93,8.26,91,0.1,1227.73677,1988925,2.2,2.3,0.818,14.6
"2373","Solomon Islands",2004,"Developing",67.1,29,0,1.18,195.5259417,81,0,41.3,0,89,5.64,9,0.1,818.442619,458324,1.3,1.3,0.459,8.1
"2374","Solomon Islands",2003,"Developing",66.8,215,0,1.18,16.83170578,79,0,4.4,0,84,6,84,0.1,744.7657423,446769,1.3,1.3,0.453,8
"2375","Solomon Islands",2002,"Developing",66.5,22,0,1.08,156.2847968,75,0,39.6,0,78,6.9,78,0.1,784.9562874,435262,1.4,1.4,0.446,7.3
"2376","Solomon Islands",2001,"Developing",66.2,227,0,0.7,325.1114746,83,0,38.7,0,88,6.44,84,0.1,944.81684,423853,1.4,1.4,0.442,6.6
"2377","Solomon Islands",2000,"Developing",65.8,235,0,0.71,4.24926073,81,0,37.9,0,88,4.56,86,0.1,154.518572,41269,1.4,1.4,0.455,7.2
"2405","South Africa",2004,"Developing",53.7,497,55,6.96,622.043809,76,830,42.9,83,73,7.93,74,29.7,4863.51688,4717.99,12.6,15,0.611,12.9
"2406","South Africa",2003,"Developing",54,485,55,6.93,519.1563781,71,244,42.2,82,7,8.26,69,28.9,3775.68275,46418193.9,13.5,16.1,0.613,12.9
"2407","South Africa",2002,"Developing",54.9,459,54,7.04,346.5316007,72,1043,41.6,79,7,8.9,7,26.6,2518.398261,45855482.88,14.5,17.1,0.62,12.9
"2408","South Africa",2001,"Developing",56,429,52,7.38,365.2585722,72,1166,4.9,76,71,8.31,71,24,2681.781,45312937,15.4,18.1,0.629,13
"2409","South Africa",2000,"Developing",57.3,397,51,7.3,45.96380839,73,1459,4.1,73,71,8.7,73,21.3,337.2253,44896856,16.3,19.1,0.635,13
"2437","Spain",2004,"Developed",81,79,2,11.96,3715.370095,97,26,59.9,2,97,8.5,97,0.1,24918.64584,42921895,0.6,0.5,0.833,15.6
"2438","Spain",2003,"Developed",79.4,83,2,12.09,3205.019918,81,256,59.3,2,99,7.99,98,0.1,21495.7741,42187645,0.6,0.5,0.83,15.6
"2439","Spain",2002,"Developed",79.5,83,2,12.26,228.3543024,82,67,58.8,2,98,7.25,98,0.1,1719.53541,41431558,0.6,0.5,0.828,15.7
"2440","Spain",2001,"Developed",79.4,84,2,9.86,2044.169761,83,0,58.2,2,95,7.24,96,0.1,15323.6114,485412,0.6,0.5,0.825,15.7
"2441","Spain",2000,"Developed",79.1,86,2,11.12,1934.398154,77,152,57.6,2,95,7.21,95,0.1,14676.769,4567864,0.6,0.5,0.82,15.7
"2453","Sri Lanka",2004,"Developing",69.1,197,6,1.56,15.35342268,62,35,16.1,10,97,4.28,97,0.1,174.6692,19228,15.4,15.5,0.705,12.8
"2454","Sri Lanka",2003,"Developing",73.9,146,5,1.69,72.4280894,32,65,15.6,5,98,3.95,99,0.1,989.4547732,1983,15.4,15.5,0.697,12.7
"2455","Sri Lanka",2002,"Developing",73.7,149,5,1.62,59.63595674,NA,139,15.1,5,98,3.89,98,0.1,873.1472436,18939,15.4,15.6,0.699,12.6
"2456","Sri Lanka",2001,"Developing",72.7,16,5,1.68,53.61278637,NA,309,14.6,6,98,3.81,98,0.1,837.699787,18797,15.4,15.6,0.686,12.5
"2457","Sri Lanka",2000,"Developing",71.5,175,5,1.45,60.4909815,NA,16527,14.1,6,99,3.77,99,0.1,875.412178,18655,15.3,15.5,0.677,12.4
"2485","Suriname",2004,"Developing",68.3,214,0,4.55,4.23257668,NA,0,5.4,0,84,6.88,85,0.9,36.48773,49363,3.5,3.5,0,11.1
"2486","Suriname",2003,"Developing",68,223,0,4.53,32.3662077,NA,0,49.7,0,74,6.62,75,1,263.1399,488332,3.5,3.5,0,10.9
"2487","Suriname",2002,"Developing",67.9,221,0,4.41,250.7112373,NA,0,49,0,74,7.14,73,1.6,2232.513244,48344,3.5,3.5,0,11
"2488","Suriname",2001,"Developing",67.7,219,0,4.23,191.2135044,NA,0,48.3,0,65,8.38,68,1.8,1598.77512,47774,3.6,3.5,0,11
"2489","Suriname",2000,"Developing",67.4,224,0,4.29,268.1837972,NA,0,47.6,0,7,9.65,71,0.4,1888.61829,47239,3.6,3.6,0,11.1
"2501","Swaziland",2004,"Developing",45.6,69,3,5.78,37.43857664,93,0,27.4,4,88,5.88,86,50.3,2529.633557,19553,7.7,7.9,0.492,9.4
"2502","Swaziland",2003,"Developing",45.9,6,3,5.65,2.819124474,9,350,27.1,4,87,5.71,85,50.6,22.99449,187392,8.2,8.4,0.493,9.1
"2503","Swaziland",2002,"Developing",46.4,587,3,5.52,131.0421269,88,37,26.7,4,87,5.16,85,49.9,1324.996228,1893,8.6,8.8,0.502,9.2
"2504","Swaziland",2001,"Developing",47.1,568,3,6.72,143.6197316,86,49,26.3,4,87,5.11,84,48.8,1437.634951,172927,9,9.2,0.506,9.3
"2505","Swaziland",2000,"Developing",48.4,536,3,7.19,25.21683318,83,10,25.9,4,87,5.26,84,46.4,1637.4567,161468,9.4,9.6,0.516,9.4
"2517","Sweden",2004,"Developed",83,7,0,6.6,5793.363644,NA,5,54.9,0,99,9.9,99,0.1,42442.2245,8993531,1.3,1.3,0.888,16
"2518","Sweden",2003,"Developed",82,69,0,6.9,5067.411418,NA,3,54.4,0,99,9.31,99,0.1,36961.42537,8958229,1.3,1.3,0.882,15.9
"2519","Sweden",2002,"Developed",79.9,71,0,6.9,3998.09987,NA,9,53.9,0,99,9.23,99,0.1,29571.7446,8924958,1.3,1.3,0.88,15.9
"2520","Sweden",2001,"Developed",79.8,73,0,6.6,3554.546434,NA,5,53.4,0,99,8.86,99,0.1,26969.24457,889596,1.3,1.3,0.877,15.9
"2521","Sweden",2000,"Developed",79.6,73,0,6.2,3689.7273,NA,59,52.8,0,99,8.18,99,0.1,29283.55,887219,1.4,1.3,0.873,15.9
"2533","Switzerland",2004,"Developed",81,69,0,10.55,9495.540576,NA,39,52.8,0,95,1.96,93,0.1,53255.97631,7389625,0.6,0.4,0.895,15.1
"2534","Switzerland",2003,"Developed",85,72,0,10.82,842.2768087,NA,574,52.3,0,95,1.93,93,0.1,4796.56497,73391,0.6,0.5,0.889,15
"2535","Switzerland",2002,"Developed",84,74,0,10.85,6853.628494,NA,0,51.8,0,95,1.61,93,0.1,41336.72192,7284753,0.6,0.5,0.89,15.2
"2536","Switzerland",2001,"Developed",82,75,0,11.12,6478.346135,NA,700,51.3,0,95,1.28,93,0.1,38538.64447,7229854,0.7,0.5,0.888,15.2
"2537","Switzerland",2000,"Developed",79.7,78,0,11.26,5834.582046,NA,0,5.8,0,95,9.91,93,0.1,37813.23426,718425,0.7,0.5,0.879,15.1
"2549","Syrian Arab Republic",2004,"Developing",73.2,131,9,0.93,10.21129783,82,189,46.8,10,84,4.48,81,0.1,148.852738,1786638,6.5,6.3,0.61,10.6
"2550","Syrian Arab Republic",2003,"Developing",73,134,9,1.29,94.75639211,81,801,46,11,85,5.12,83,0.1,1253.39143,17415266,6.6,6.4,0.599,10.3
"2551","Syrian Arab Republic",2002,"Developing",72.8,135,9,1.25,91.70356833,8,538,45.3,11,86,4.94,84,0.1,1263.13455,178791,6.6,6.5,0.596,10.2
"2552","Syrian Arab Republic",2001,"Developing",72.7,135,10,1.29,93.50075111,8,290,44.6,11,83,4.92,82,0.1,1258.421953,16766899,6.7,6.5,0.589,10.1
"2553","Syrian Arab Republic",2000,"Developing",72.6,136,10,1.41,81.7274712,79,146,43.9,12,86,4.92,84,0.1,1177.629268,1641848,6.8,6.6,0.588,10
"2565","Tajikistan",2004,"Developing",65.9,177,11,0.38,2.093721752,81,4,33,13,82,5.7,86,0.3,39.281834,6712841,3.9,3.9,0.563,10.5
"2566","Tajikistan",2003,"Developing",65.2,182,11,0.36,13.25723997,58,2144,32.5,14,82,4.46,85,0.3,236.314438,6576877,4,4,0.553,10.1
"2567","Tajikistan",2002,"Developing",64.3,193,12,0.6,10.68147485,39,927,32.1,15,84,4.48,85,0.3,189.3878519,6447688,4,4,0.543,9.8
"2568","Tajikistan",2001,"Developing",64,194,13,0.86,1.142003812,NA,38,31.6,16,84,4.59,85,0.3,17.8159721,6327125,4.1,4.1,0.535,9.7
"2569","Tajikistan",2000,"Developing",63.7,198,14,0.37,8.943006492,NA,192,31.3,17,86,4.64,83,0.3,138.436633,621625,4.2,4.1,0.529,9.6
"2581","Thailand",2004,"Developing",71.6,189,14,6.17,301.3597791,96,4165,21.7,16,98,3.51,98,0.5,2659.83918,652231,9,9.2,0.674,11.9
"2582","Thailand",2003,"Developing",71.7,189,15,6.14,282.8364612,96,4519,2.9,18,98,3.58,98,0.6,2358.93629,64554952,9.1,9.3,0.666,11.8
"2583","Thailand",2002,"Developing",71.4,192,16,5.93,27.63810304,95,10315,2.2,19,97,3.7,96,0.7,296.54617,6473164,9.2,9.5,0.657,11.5
"2584","Thailand",2001,"Developing",71.2,194,17,5.92,176.0625201,95,7319,19.4,20,97,3.32,96,0.8,1893.145377,63543322,9.3,9.6,0.649,11.2
"2585","Thailand",2000,"Developing",71.1,194,18,5.88,0.27564826,95,4074,18.7,21,97,3.4,97,0.8,27.564826,6295821,9.4,9.7,0.64,10.9
"2613","Timor-Leste",2004,"Developing",62.3,229,3,0.38,8.415788935,NA,41,13.2,3,57,1.31,57,0.1,467.5438297,996698,12,12,0.484,10.2
"2614","Timor-Leste",2003,"Developing",61,25,3,0.44,46.3913277,NA,94,12.9,4,55,2.48,55,0.1,471.4565823,96852,12.1,12.1,0.485,9.8
"2615","Timor-Leste",2002,"Developing",62,261,3,0.48,5.649123424,NA,0,12.6,4,38,3.89,54,0.1,48.61552,923825,12.1,12.1,0.475,9.8
"2629","Togo",2004,"Developing",54.9,355,15,1.01,3.989928468,NA,61,18.4,22,71,5.6,71,5.1,349.9937253,5534598,8.6,8.5,0.432,10
"2630","Togo",2003,"Developing",54.7,355,15,1.02,2.995959823,NA,295,17.9,22,72,5,72,5.2,31.437144,539141,8.8,8.7,0.428,9.9
"2631","Togo",2002,"Developing",54.7,351,15,1,1.995182912,NA,363,17.5,22,58,4.7,59,5.3,28.832123,5251472,9,8.9,0.428,9.7
"2632","Togo",2001,"Developing",54.6,345,14,0.95,2.048574874,NA,1833,17.1,22,51,4.29,5,5.3,26.6394652,511177,9.2,9.1,0.426,9.4
"2633","Togo",2000,"Developing",54.6,339,14,1.1,2.02964427,NA,3578,16.6,22,63,4.35,64,5.1,26.3932935,497367,9.4,9.3,0.425,9.3
"2645","Tonga",2004,"Developing",72.2,151,0,1.8,423.2953509,9,0,68.6,0,91,4.87,9,0.1,2284.37858,146,0.1,0.1,0.693,14.6
"2646","Tonga",2003,"Developing",72,153,0,1.79,45.85105771,85,0,67.8,0,91,5.9,9,0.1,229.714718,99789,0.1,0.1,0.683,13.7
"2647","Tonga",2002,"Developing",71.9,155,0,1.51,310.8203382,88,0,67,0,85,5.3,84,0.1,1842.44421,99184,0.1,0.1,0.679,13.5
"2648","Tonga",2001,"Developing",71.8,157,0,1.35,330.1007394,91,4,66.2,0,91,5.66,89,0.1,1837.977391,98611,0.1,0.1,0.674,13.2
"2649","Tonga",2000,"Developing",71.6,158,0,1.24,40.49128897,93,0,65.5,0,91,4.75,91,0.1,263.27236,9882,0.1,0.1,0.676,13.7
"2661","Trinidad and Tobago",2004,"Developing",69.4,19,0,5.82,11.85100131,94,0,36.8,0,94,5.22,94,1,129.51914,129535,6.3,6.8,0.736,12.2
"2662","Trinidad and Tobago",2003,"Developing",69.3,191,0,5.53,78.72216127,76,0,36,1,91,5.13,91,0.5,884.518666,128452,6.4,6.9,0.729,12
"2663","Trinidad and Tobago",2002,"Developing",69.2,192,0,5.12,72.03911741,5,0,35.2,1,96,5,96,2,749.626612,1277837,6.5,7,0.721,11.9
"2664","Trinidad and Tobago",2001,"Developing",69.1,194,0,4.55,516.7112481,NA,0,34.4,1,91,4.4,91,1.2,6935.721451,127238,6.6,7.1,0.715,11.8
"2665","Trinidad and Tobago",2000,"Developing",69.1,197,0,4.68,43.59522964,NA,0,33.6,1,9,4.17,9,0.9,643.947262,1267984,6.7,7.2,0.709,11.7
"2677","Tunisia",2004,"Developing",74,15,3,1.36,379.7659054,96,1,51.4,4,97,5.63,97,0.1,3112.83529,11761,6.4,6.3,0.673,13.6
"2678","Tunisia",2003,"Developing",73.7,17,4,1.34,321.7694175,92,22,5.6,4,95,5.36,95,0.1,2761.969249,9939678,6.4,6.3,0.667,13.5
"2679","Tunisia",2002,"Developing",73.5,19,4,1.17,262.8184944,93,98,49.7,5,96,5.32,96,0.1,2346.5937,9864326,6.5,6.4,0.662,13.3
"2680","Tunisia",2001,"Developing",73.2,11,4,1.19,257.2878697,94,231,48.9,5,98,5.29,98,0.1,2254.933126,978571,6.5,6.4,0.654,13.1
"2681","Tunisia",2000,"Developing",72.9,112,4,1.21,264.7842196,94,47,48.1,5,97,5.4,97,0.1,2213.91488,9699197,6.6,6.5,0.646,12.8
"2693","Turkey",2004,"Developing",72,132,33,1.35,1.132766775,77,8927,56.8,39,85,5.37,85,0.1,64.72953,677855,5.1,4.9,0.675,12
"2694","Turkey",2003,"Developing",71.6,135,35,1.42,459.1113061,68,5844,55.9,43,69,5.34,68,0.1,4718.51291,668583,5.1,5,0.668,11.9
"2695","Turkey",2002,"Developing",71.2,138,38,1.47,35.55729,72,7823,55.1,46,78,5.36,78,0.1,366.57,6514354,5.2,5,0.658,11.5
"2696","Turkey",2001,"Developing",78,14,41,1.49,256.4341746,77,30509,54.3,50,88,5.16,88,0.1,3119.63716,64191474,5.2,5.1,0.653,11.1
"2697","Turkey",2000,"Developing",74,143,44,1.54,421.2956602,71,16244,53.5,54,85,4.95,85,0.1,4316.553895,6324121,5.3,5.2,0.641,10.7
"2709","Turkmenistan",2004,"Developing",63.5,238,6,2.86,186.1013972,96,1,4,8,98,4.3,97,0.1,1453.917166,473398,3.4,3.4,0,10.3
"2710","Turkmenistan",2003,"Developing",63.4,231,7,2.88,179.6156482,97,1,39.4,8,66,3.85,83,0.1,1283.885977,4655741,3.5,3.4,0,10.3
"2711","Turkmenistan",2002,"Developing",63.3,229,7,2.33,130.3784829,96,11,38.7,8,99,3.34,98,0.1,967.917468,4612,3.5,3.5,0,10.2
"2712","Turkmenistan",2001,"Developing",64,221,7,2.35,106.180706,NA,9,38.1,9,94,3.87,95,0.1,774.4763388,45648,3.6,3.5,0,10.2
"2713","Turkmenistan",2000,"Developing",63.8,224,7,2.9,88.2436347,NA,113,37.5,9,98,3.94,97,0.1,643.17518,4516131,3.6,3.6,0,0
"2726","Uganda",2004,"Developing",51.3,485,104,9.89,36.60609252,62,141,14.2,164,58,8.9,62,8.9,288.236949,27568436,6.6,6.6,0.427,11.6
"2727","Uganda",2003,"Developing",51,53,109,10.16,4.426792406,44,29429,13.9,173,57,7.54,59,9.4,237.9995917,2662482,6.7,6.7,0.418,11.5
"2728","Uganda",2002,"Developing",48.8,523,112,10.42,2.690897842,29,49871,13.6,181,57,7.78,57,10,24.2423229,2571848,6.8,6.8,0.404,11
"2729","Uganda",2001,"Developing",47.7,539,115,10.57,26.97625217,NA,48543,13.3,187,56,7.26,55,10.8,234.984775,24854892,6.9,6.9,0.396,10.8
"2730","Uganda",2000,"Developing",46.6,554,116,10.47,22.59447461,NA,42554,13,191,55,6.77,52,11.6,257.63369,2439274,7,7,0.382,9.8
"2742","Ukraine",2004,"Developing",67.4,267,5,6.79,180.3537859,98,146,56.1,6,99,6.61,99,1,1367.352433,474516,2.7,2.8,0.7,14.6
"2743","Ukraine",2003,"Developing",67.6,256,6,5.92,21.22386354,77,411,55.7,6,99,6.93,97,0.9,148.522488,4781295,2.8,2.9,0.691,14.3
"2744","Ukraine",2002,"Developing",67.6,256,6,4.89,115.738974,48,7587,55.4,7,99,6.25,99,0.9,879.475486,48225,2.9,3,0.683,13.9
"2745","Ukraine",2001,"Developing",67.7,253,6,4.31,8.897421459,7,16970,55.1,7,99,5.66,99,0.8,78.738243,48683865,2.9,3,0.673,13.2
"2746","Ukraine",2000,"Developing",67.5,257,6,4.49,7.883791474,4,817,54.8,8,99,5.59,99,0.7,635.789635,49175848,3,3.1,0.669,13.3
"2758","United Arab Emirates",2004,"Developing",75.1,95,1,1.77,2972.448675,92,22,57,1,94,2.46,94,0.1,36161.1761,NA,5.2,4.9,0.813,12.4
"2759","United Arab Emirates",2003,"Developing",74.9,98,1,1.74,277.1818332,92,42,56.8,1,94,2.65,94,0.1,3323.52318,NA,5.2,5,0.808,12.3
"2760","United Arab Emirates",2002,"Developing",74.7,11,1,1.72,2598.842827,92,53,56,1,94,2.72,94,0.1,31311.35936,NA,5.3,5,0.803,12.1
"2761","United Arab Emirates",2001,"Developing",74.5,14,1,1.67,243.7539129,92,30,55,1,94,2.48,94,0.1,3161.52935,NA,5.3,5.1,0.798,12
"2762","United Arab Emirates",2000,"Developing",74.2,17,1,1.64,262.9589578,92,69,54.1,1,94,2.38,94,0.1,3371.26869,NA,5.4,5.1,0.791,11.8
"2822","Uruguay",2004,"Developing",75.4,122,1,5.66,882.356362,94,0,57.7,1,95,11.59,94,0.1,4117.38853,332496,1.7,1.6,0.75,15.5
"2823","Uruguay",2003,"Developing",75.4,121,1,5.11,160.8400141,91,0,57,1,91,6.52,91,0.1,3622.52284,3325637,1.7,1.6,0.747,15
"2824","Uruguay",2002,"Developing",75.4,124,1,5.86,27.46880965,95,0,56.3,1,93,7.18,95,0.1,488.768855,3327773,1.7,1.7,0.746,14.7
"2825","Uruguay",2001,"Developing",75.2,123,1,6.48,421.4804282,94,0,55.7,1,94,7.46,94,0.1,6281.37747,332713,1.8,1.7,0.742,14.2
"2826","Uruguay",2000,"Developing",75.1,131,1,6.65,645.9583816,92,0,55,1,92,7.82,9,0.1,6871.897677,3321245,1.8,1.7,0.738,14
"2838","Uzbekistan",2004,"Developing",67.8,183,24,1.59,34.41887163,99,75,37,29,99,5.11,99,0.3,465.1198869,2586435,3.2,3.2,0.613,11.6
"2839","Uzbekistan",2003,"Developing",67.2,183,25,1.54,28.52135777,99,85,36.4,30,99,5.17,98,0.3,396.129969,2556765,3.3,3.3,0.607,11.3
"2840","Uzbekistan",2002,"Developing",67.1,186,27,1.47,24.99438738,62,25,35.9,32,99,5.44,99,0.2,383.3494997,2527185,3.3,3.3,0.6,11
"2841","Uzbekistan",2001,"Developing",67.4,185,28,1.53,43.66385568,NA,22,35.3,34,99,5.28,99,0.2,456.734892,2496445,3.4,3.3,0.594,10.7
"2842","Uzbekistan",2000,"Developing",67.1,189,30,1.6,48.50941741,NA,80,34.8,36,99,5.29,99,0.1,558.221144,24654,3.4,3.4,0,10.6
"2854","Vanuatu",2004,"Developing",69.6,169,0,0.85,334.1673373,63,0,44.1,0,67,4.12,69,0.1,1787.94723,24143,1.6,1.5,0,10.7
"2855","Vanuatu",2003,"Developing",69.4,173,0,1.2,27.29839073,64,165,43.3,0,67,4.2,69,0.1,158.52724,198964,1.6,1.6,0,10.4
"2856","Vanuatu",2002,"Developing",69.3,176,0,1.24,171.1373611,66,101,42.6,0,67,3.52,7,0.1,1353.934819,193956,1.7,1.6,0,10.2
"2857","Vanuatu",2001,"Developing",69.1,179,0,0.91,163.105292,68,7,41.9,0,67,3.37,7,0.1,1362.61731,18929,1.7,1.6,0,10.1
"2858","Vanuatu",2000,"Developing",69,18,0,1.21,21.90075232,7,9,41.1,0,67,3.28,71,0.1,1469.849149,18563,1.7,1.7,0,9.6
"2918","Zambia",2004,"Developing",47.9,578,36,2.46,8.369851529,NA,35,18,59,84,7.33,83,17.6,53.2772217,11731746,7.2,7.1,0.456,10.5
"2919","Zambia",2003,"Developing",46.4,64,39,2.33,65.78997404,NA,881,17.6,62,85,8.18,83,18.2,429.1583434,11421984,7.3,7.2,0.443,10.2
"2920","Zambia",2002,"Developing",45.5,69,41,2.44,54.04348047,NA,25036,17.3,66,85,6.93,84,18.4,377.135244,111249,7.4,7.3,0.433,10
"2921","Zambia",2001,"Developing",44.6,611,43,2.61,46.83027463,NA,16997,17.1,70,86,6.56,85,18.6,378.2736238,1824125,7.4,7.4,0.424,9.8
"2922","Zambia",2000,"Developing",43.8,614,44,2.62,45.61688038,NA,30930,16.8,72,85,7.16,85,18.7,341.955625,1531221,7.5,7.5,0.418,9.6
"2934","Zimbabwe",2004,"Developing",44.3,723,27,4.36,0,68,31,27.1,42,67,7.13,65,33.6,454.366654,12777511,9.4,9.4,0.407,9.2
"2935","Zimbabwe",2003,"Developing",44.5,715,26,4.06,0,7,998,26.7,41,7,6.52,68,36.7,453.3511552,12633897,9.8,9.9,0.418,9.5
"2936","Zimbabwe",2002,"Developing",44.8,73,25,4.43,0,73,304,26.3,40,73,6.53,71,39.8,57.34834,125525,1.2,1.3,0.427,10
"2937","Zimbabwe",2001,"Developing",45.3,686,25,1.72,0,76,529,25.9,39,76,6.16,75,42.1,548.587312,12366165,1.6,1.7,0.427,9.8
"2938","Zimbabwe",2000,"Developing",46,665,24,1.68,0,79,1483,25.5,39,78,7.1,78,43.5,547.3588785,12222251,11,11.2,0.434,9.8
